DROP TABLE SCOTT.T_STUDENT;
DROP TABLE SCOTT.T_COURSE;
DROP TABLE SCOTT.T_TEACHER;
DROP TABLE SCOTT.T_SCORE;


CREATE TABLE SCOTT.T_STUDENT (
	STUNO VARCHAR2(16)   NULL ,
	STUNAME VARCHAR2(16)   NULL ,
	STUSEX VARCHAR2(6)   NULL ,
	STUBIR DATE   NULL
) ;

CREATE TABLE SCOTT.T_COURSE (
	COURSENO VARCHAR2(16)   NULL ,
	COURSENAME VARCHAR2(16)   NULL ,
	TEANO VARCHAR2(16)   NULL
) ;

CREATE TABLE SCOTT.T_TEACHER (
	TEANO VARCHAR2(16)   NULL ,
	TEANAME VARCHAR2(16)   NULL ,
	TEATITLE VARCHAR2(16)   NULL
) ;

CREATE TABLE SCOTT.T_SCORE (
	STUNO VARCHAR2(16)   NULL ,
	TYPE VARCHAR2(16)   NULL ,
	COURSENO VARCHAR2(16)   NULL ,
	SCORE FLOAT NULL 
) ;



INSERT INTO SCOTT.T_STUDENT(STUNO,STUNAME,STUSEX,STUBIR) VALUES('S0001','雷转','女',TO_DATE('1985-7-15','yyyy-mm-dd'));
INSERT INTO SCOTT.T_STUDENT(STUNO,STUNAME,STUSEX,STUBIR) VALUES('S0002','郭丽芳','女',TO_DATE('1984-4-4','yyyy-mm-dd'));
INSERT INTO SCOTT.T_STUDENT(STUNO,STUNAME,STUSEX,STUBIR) VALUES('S0003','林金玉','女',TO_DATE('1985-5-5','yyyy-mm-dd'));
INSERT INTO SCOTT.T_STUDENT(STUNO,STUNAME,STUSEX,STUBIR) VALUES('S0004','王丽华','女',TO_DATE('1986-8-6','yyyy-mm-dd'));
INSERT INTO SCOTT.T_STUDENT(STUNO,STUNAME,STUSEX,STUBIR) VALUES('S0005','李星武','男',TO_DATE('1985-5-7','yyyy-mm-dd'));
INSERT INTO SCOTT.T_STUDENT(STUNO,STUNAME,STUSEX,STUBIR) VALUES('S0006','何悦','男',TO_DATE('1984-12-8','yyyy-mm-dd'));
INSERT INTO SCOTT.T_STUDENT(STUNO,STUNAME,STUSEX,STUBIR) VALUES('S0007','李丽晶','女',TO_DATE('1983-11-9','yyyy-mm-dd'));
INSERT INTO SCOTT.T_STUDENT(STUNO,STUNAME,STUSEX,STUBIR) VALUES('S0008','邓丽财','女',TO_DATE('1982-12-8','yyyy-mm-dd'));
INSERT INTO SCOTT.T_STUDENT(STUNO,STUNAME,STUSEX,STUBIR) VALUES('S0009','郑义进','男',TO_DATE('1981-11-7','yyyy-mm-dd'));
INSERT INTO SCOTT.T_STUDENT(STUNO,STUNAME,STUSEX,STUBIR) VALUES('S0010','陈华博','男',TO_DATE('1982-10-6','yyyy-mm-dd'));
INSERT INTO SCOTT.T_STUDENT(STUNO,STUNAME,STUSEX,STUBIR) VALUES('S0101','冯亦平','女',TO_DATE('1983-11-5','yyyy-mm-dd'));
INSERT INTO SCOTT.T_STUDENT(STUNO,STUNAME,STUSEX,STUBIR) VALUES('S0102','吴足风','男',TO_DATE('1984-2-4','yyyy-mm-dd'));
INSERT INTO SCOTT.T_STUDENT(STUNO,STUNAME,STUSEX,STUBIR) VALUES('S0103','吴苏平','男',TO_DATE('1985-1-3','yyyy-mm-dd'));
INSERT INTO SCOTT.T_STUDENT(STUNO,STUNAME,STUSEX,STUBIR) VALUES('S0104','周照松','男',TO_DATE('1986-2-2','yyyy-mm-dd'));
INSERT INTO SCOTT.T_STUDENT(STUNO,STUNAME,STUSEX,STUBIR) VALUES('S0105','符慧灵','女',TO_DATE('1987-3-1','yyyy-mm-dd'));
INSERT INTO SCOTT.T_STUDENT(STUNO,STUNAME,STUSEX,STUBIR) VALUES('S0106','陈旧','女',TO_DATE('1988-4-2','yyyy-mm-dd'));
INSERT INTO SCOTT.T_STUDENT(STUNO,STUNAME,STUSEX,STUBIR) VALUES('S0107','张华','男',TO_DATE('1987-5-15','yyyy-mm-dd'));
INSERT INTO SCOTT.T_STUDENT(STUNO,STUNAME,STUSEX,STUBIR) VALUES('S0108','吴晓','女',TO_DATE('1986-6-25','yyyy-mm-dd'));
INSERT INTO SCOTT.T_STUDENT(STUNO,STUNAME,STUSEX,STUBIR) VALUES('S0109','陈燕','女',TO_DATE('1985-7-14','yyyy-mm-dd'));
INSERT INTO SCOTT.T_STUDENT(STUNO,STUNAME,STUSEX,STUBIR) VALUES('S0110','唐山','男',TO_DATE('1985-8-2','yyyy-mm-dd'));
INSERT INTO SCOTT.T_STUDENT(STUNO,STUNAME,STUSEX,STUBIR) VALUES('S0201','王海','女',TO_DATE('1984-9-3','yyyy-mm-dd'));
INSERT INTO SCOTT.T_STUDENT(STUNO,STUNAME,STUSEX,STUBIR) VALUES('S0202','陈欢','男',TO_DATE('1983-9-5','yyyy-mm-dd'));
INSERT INTO SCOTT.T_STUDENT(STUNO,STUNAME,STUSEX,STUBIR) VALUES('S0203','郑智','女',TO_DATE('1982-8-7','yyyy-mm-dd'));
INSERT INTO SCOTT.T_STUDENT(STUNO,STUNAME,STUSEX,STUBIR) VALUES('S0204','刘文','女',TO_DATE('1981-7-25','yyyy-mm-dd'));
INSERT INTO SCOTT.T_STUDENT(STUNO,STUNAME,STUSEX,STUBIR) VALUES('S0205','曾康','男',TO_DATE('1982-6-15','yyyy-mm-dd'));
INSERT INTO SCOTT.T_STUDENT(STUNO,STUNAME,STUSEX,STUBIR) VALUES('S0206','孙家','女',TO_DATE('1983-5-12','yyyy-mm-dd'));
INSERT INTO SCOTT.T_STUDENT(STUNO,STUNAME,STUSEX,STUBIR) VALUES('S0207','温文','男',TO_DATE('1984-4-16','yyyy-mm-dd'));
INSERT INTO SCOTT.T_STUDENT(STUNO,STUNAME,STUSEX,STUBIR) VALUES('S0208','唐还','女',TO_DATE('1985-3-18','yyyy-mm-dd'));
INSERT INTO SCOTT.T_STUDENT(STUNO,STUNAME,STUSEX,STUBIR) VALUES('S0209','江松','男',TO_DATE('1986-2-3','yyyy-mm-dd'));
INSERT INTO SCOTT.T_STUDENT(STUNO,STUNAME,STUSEX,STUBIR) VALUES('S0210','唐杰','女',TO_DATE('1987-1-23','yyyy-mm-dd'));

INSERT INTO SCOTT.T_SCORE(STUNO,TYPE,COURSENO,SCORE) VALUES('S0001'     ,'期中','C001'  ,    84 );
INSERT INTO SCOTT.T_SCORE(STUNO,TYPE,COURSENO,SCORE) VALUES('S0001'     ,'期中','C002'  ,    79 );
INSERT INTO SCOTT.T_SCORE(STUNO,TYPE,COURSENO,SCORE) VALUES('S0001'     ,'期中','C003'  ,    66 );
INSERT INTO SCOTT.T_SCORE(STUNO,TYPE,COURSENO,SCORE) VALUES('S0001'     ,'期中','C004'  ,    57 );
INSERT INTO SCOTT.T_SCORE(STUNO,TYPE,COURSENO,SCORE) VALUES('S0001'     ,'期中','C005'  ,    85 );
INSERT INTO SCOTT.T_SCORE(STUNO,TYPE,COURSENO,SCORE) VALUES('S0001'     ,'期中','C006'  ,    78  );
INSERT INTO SCOTT.T_SCORE(STUNO,TYPE,COURSENO,SCORE) VALUES('S0001'     ,'期中','C007'  ,    44 );
INSERT INTO SCOTT.T_SCORE(STUNO,TYPE,COURSENO,SCORE) VALUES('S0001'     ,'期中','C008'  ,    42 );
INSERT INTO SCOTT.T_SCORE(STUNO,TYPE,COURSENO,SCORE) VALUES('S0001'     ,'期中','C009'  ,    80 );
INSERT INTO SCOTT.T_SCORE(STUNO,TYPE,COURSENO,SCORE) VALUES('S0001'     ,'期中','C010'  ,    78 );
INSERT INTO SCOTT.T_SCORE(STUNO,TYPE,COURSENO,SCORE) VALUES('S0001'     ,'期末','C001'  ,    88 );
INSERT INTO SCOTT.T_SCORE(STUNO,TYPE,COURSENO,SCORE) VALUES('S0001'     ,'期末','C002'  ,    65 );
INSERT INTO SCOTT.T_SCORE(STUNO,TYPE,COURSENO,SCORE) VALUES('S0001'     ,'期末','C003'  ,    65 );
INSERT INTO SCOTT.T_SCORE(STUNO,TYPE,COURSENO,SCORE) VALUES('S0001'     ,'期末','C004'  ,    73 );
INSERT INTO SCOTT.T_SCORE(STUNO,TYPE,COURSENO,SCORE) VALUES('S0001'     ,'期末','C005'  ,    81 );
INSERT INTO SCOTT.T_SCORE(STUNO,TYPE,COURSENO,SCORE) VALUES('S0001'     ,'期末','C006'  ,    91 );
INSERT INTO SCOTT.T_SCORE(STUNO,TYPE,COURSENO,SCORE) VALUES('S0001'     ,'期末','C007'  ,    93 );
INSERT INTO SCOTT.T_SCORE(STUNO,TYPE,COURSENO,SCORE) VALUES('S0001'     ,'期末','C008'  ,    85 );
INSERT INTO SCOTT.T_SCORE(STUNO,TYPE,COURSENO,SCORE) VALUES('S0001'     ,'期末','C009'  ,    74 );
INSERT INTO SCOTT.T_SCORE(STUNO,TYPE,COURSENO,SCORE) VALUES('S0001'     ,'期末','C010'  ,    63 );
INSERT INTO SCOTT.T_SCORE(STUNO,TYPE,COURSENO,SCORE) VALUES('S0002'     ,'期中','C001'  ,    53 );
INSERT INTO SCOTT.T_SCORE(STUNO,TYPE,COURSENO,SCORE) VALUES('S0002'     ,'期中','C002'  ,    48 );
INSERT INTO SCOTT.T_SCORE(STUNO,TYPE,COURSENO,SCORE) VALUES('S0002'     ,'期中','C003'  ,    55 );
INSERT INTO SCOTT.T_SCORE(STUNO,TYPE,COURSENO,SCORE) VALUES('S0002'     ,'期中','C004'  ,    66 );
INSERT INTO SCOTT.T_SCORE(STUNO,TYPE,COURSENO,SCORE) VALUES('S0002'     ,'期中','C005'  ,    72 );
INSERT INTO SCOTT.T_SCORE(STUNO,TYPE,COURSENO,SCORE) VALUES('S0002'     ,'期中','C006'  ,    80 );
INSERT INTO SCOTT.T_SCORE(STUNO,TYPE,COURSENO,SCORE) VALUES('S0002'     ,'期中','C007'  ,    92 );
INSERT INTO SCOTT.T_SCORE(STUNO,TYPE,COURSENO,SCORE) VALUES('S0002'     ,'期中','C008'  ,    83 );
INSERT INTO SCOTT.T_SCORE(STUNO,TYPE,COURSENO,SCORE) VALUES('S0002'     ,'期中','C009'  ,    75 );
INSERT INTO SCOTT.T_SCORE(STUNO,TYPE,COURSENO,SCORE) VALUES('S0002'     ,'期中','C010'  ,    65 );
INSERT INTO SCOTT.T_SCORE(STUNO,TYPE,COURSENO,SCORE) VALUES('S0002'     ,'期末','C001'  ,    66 );
INSERT INTO SCOTT.T_SCORE(STUNO,TYPE,COURSENO,SCORE) VALUES('S0002'     ,'期末','C002'  ,    52 );
INSERT INTO SCOTT.T_SCORE(STUNO,TYPE,COURSENO,SCORE) VALUES('S0002'     ,'期末','C003'  ,    40 );
INSERT INTO SCOTT.T_SCORE(STUNO,TYPE,COURSENO,SCORE) VALUES('S0002'     ,'期末','C004'  ,    50 );
INSERT INTO SCOTT.T_SCORE(STUNO,TYPE,COURSENO,SCORE) VALUES('S0002'     ,'期末','C005'  ,    69 );
INSERT INTO SCOTT.T_SCORE(STUNO,TYPE,COURSENO,SCORE) VALUES('S0002'     ,'期末','C006'  ,    72 );
INSERT INTO SCOTT.T_SCORE(STUNO,TYPE,COURSENO,SCORE) VALUES('S0002'     ,'期末','C007'  ,    84 );
INSERT INTO SCOTT.T_SCORE(STUNO,TYPE,COURSENO,SCORE) VALUES('S0002'     ,'期末','C008'  ,    95 );
INSERT INTO SCOTT.T_SCORE(STUNO,TYPE,COURSENO,SCORE) VALUES('S0002'     ,'期末','C009'  ,    89 );
INSERT INTO SCOTT.T_SCORE(STUNO,TYPE,COURSENO,SCORE) VALUES('S0002'     ,'期末','C010'  ,    86 );
INSERT INTO SCOTT.T_SCORE(STUNO,TYPE,COURSENO,SCORE) VALUES('S0003'     ,'期中','C001'  ,    77 );
INSERT INTO SCOTT.T_SCORE(STUNO,TYPE,COURSENO,SCORE) VALUES('S0003'     ,'期中','C002'  ,    67 );
INSERT INTO SCOTT.T_SCORE(STUNO,TYPE,COURSENO,SCORE) VALUES('S0003'     ,'期中','C003'  ,    57 );
INSERT INTO SCOTT.T_SCORE(STUNO,TYPE,COURSENO,SCORE) VALUES('S0003'     ,'期中','C004'  ,    43 );
INSERT INTO SCOTT.T_SCORE(STUNO,TYPE,COURSENO,SCORE) VALUES('S0003'     ,'期中','C005'  ,    54 );
INSERT INTO SCOTT.T_SCORE(STUNO,TYPE,COURSENO,SCORE) VALUES('S0003'     ,'期中','C006'  ,    63 );
INSERT INTO SCOTT.T_SCORE(STUNO,TYPE,COURSENO,SCORE) VALUES('S0003'     ,'期中','C007'  ,    45 );
INSERT INTO SCOTT.T_SCORE(STUNO,TYPE,COURSENO,SCORE) VALUES('S0003'     ,'期中','C008'  ,    62 );
INSERT INTO SCOTT.T_SCORE(STUNO,TYPE,COURSENO,SCORE) VALUES('S0003'     ,'期中','C009'  ,    75 );
INSERT INTO SCOTT.T_SCORE(STUNO,TYPE,COURSENO,SCORE) VALUES('S0003'     ,'期中','C010'  ,    71 );
INSERT INTO SCOTT.T_SCORE(STUNO,TYPE,COURSENO,SCORE) VALUES('S0003'     ,'期末','C001'  ,    74 );
INSERT INTO SCOTT.T_SCORE(STUNO,TYPE,COURSENO,SCORE) VALUES('S0003'     ,'期末','C002'  ,    75 );
INSERT INTO SCOTT.T_SCORE(STUNO,TYPE,COURSENO,SCORE) VALUES('S0003'     ,'期末','C003'  ,    88 );
INSERT INTO SCOTT.T_SCORE(STUNO,TYPE,COURSENO,SCORE) VALUES('S0003'     ,'期末','C004'  ,    44 );
INSERT INTO SCOTT.T_SCORE(STUNO,TYPE,COURSENO,SCORE) VALUES('S0003'     ,'期末','C005'  ,    77 );
INSERT INTO SCOTT.T_SCORE(STUNO,TYPE,COURSENO,SCORE) VALUES('S0003'     ,'期末','C006'  ,    60 );
INSERT INTO SCOTT.T_SCORE(STUNO,TYPE,COURSENO,SCORE) VALUES('S0003'     ,'期末','C007'  ,    76 );
INSERT INTO SCOTT.T_SCORE(STUNO,TYPE,COURSENO,SCORE) VALUES('S0003'     ,'期末','C008'  ,    83 );
INSERT INTO SCOTT.T_SCORE(STUNO,TYPE,COURSENO,SCORE) VALUES('S0003'     ,'期末','C009'  ,    72 );
INSERT INTO SCOTT.T_SCORE(STUNO,TYPE,COURSENO,SCORE) VALUES('S0003'     ,'期末','C010'  ,    73 );
INSERT INTO SCOTT.T_SCORE(STUNO,TYPE,COURSENO,SCORE) VALUES('S0004'     ,'期中','C001'  ,    89 );
INSERT INTO SCOTT.T_SCORE(STUNO,TYPE,COURSENO,SCORE) VALUES('S0004'     ,'期中','C002'  ,    45 );
INSERT INTO SCOTT.T_SCORE(STUNO,TYPE,COURSENO,SCORE) VALUES('S0004'     ,'期中','C003'  ,    74 );
INSERT INTO SCOTT.T_SCORE(STUNO,TYPE,COURSENO,SCORE) VALUES('S0004'     ,'期中','C004'  ,    54 );
INSERT INTO SCOTT.T_SCORE(STUNO,TYPE,COURSENO,SCORE) VALUES('S0004'     ,'期中','C005'  ,    90 );
INSERT INTO SCOTT.T_SCORE(STUNO,TYPE,COURSENO,SCORE) VALUES('S0004'     ,'期中','C006'  ,    79 );
INSERT INTO SCOTT.T_SCORE(STUNO,TYPE,COURSENO,SCORE) VALUES('S0004'     ,'期中','C007'  ,    90 );
INSERT INTO SCOTT.T_SCORE(STUNO,TYPE,COURSENO,SCORE) VALUES('S0004'     ,'期中','C008'  ,    79 );
INSERT INTO SCOTT.T_SCORE(STUNO,TYPE,COURSENO,SCORE) VALUES('S0004'     ,'期中','C009'  ,    74 );
INSERT INTO SCOTT.T_SCORE(STUNO,TYPE,COURSENO,SCORE) VALUES('S0004'     ,'期中','C010'  ,    73 );
INSERT INTO SCOTT.T_SCORE(STUNO,TYPE,COURSENO,SCORE) VALUES('S0004'     ,'期末','C001'  ,    55 );
INSERT INTO SCOTT.T_SCORE(STUNO,TYPE,COURSENO,SCORE) VALUES('S0004'     ,'期末','C002'  ,    87 );
INSERT INTO SCOTT.T_SCORE(STUNO,TYPE,COURSENO,SCORE) VALUES('S0004'     ,'期末','C003'  ,    79 );
INSERT INTO SCOTT.T_SCORE(STUNO,TYPE,COURSENO,SCORE) VALUES('S0004'     ,'期末','C004'  ,    99 );
INSERT INTO SCOTT.T_SCORE(STUNO,TYPE,COURSENO,SCORE) VALUES('S0004'     ,'期末','C005'  ,    67 );
INSERT INTO SCOTT.T_SCORE(STUNO,TYPE,COURSENO,SCORE) VALUES('S0004'     ,'期末','C006'  ,    86 );
INSERT INTO SCOTT.T_SCORE(STUNO,TYPE,COURSENO,SCORE) VALUES('S0004'     ,'期末','C007'  ,    79 );
INSERT INTO SCOTT.T_SCORE(STUNO,TYPE,COURSENO,SCORE) VALUES('S0004'     ,'期末','C008'  ,    43 );
INSERT INTO SCOTT.T_SCORE(STUNO,TYPE,COURSENO,SCORE) VALUES('S0004'     ,'期末','C009'  ,    77 );
INSERT INTO SCOTT.T_SCORE(STUNO,TYPE,COURSENO,SCORE) VALUES('S0004'     ,'期末','C010'  ,    82 );
INSERT INTO SCOTT.T_SCORE(STUNO,TYPE,COURSENO,SCORE) VALUES('S0005'     ,'期中','C001'  ,    63 );
INSERT INTO SCOTT.T_SCORE(STUNO,TYPE,COURSENO,SCORE) VALUES('S0005'     ,'期中','C002'  ,    93 );
INSERT INTO SCOTT.T_SCORE(STUNO,TYPE,COURSENO,SCORE) VALUES('S0005'     ,'期中','C003'  ,    79 );
INSERT INTO SCOTT.T_SCORE(STUNO,TYPE,COURSENO,SCORE) VALUES('S0005'     ,'期中','C004'  ,    71 );
INSERT INTO SCOTT.T_SCORE(STUNO,TYPE,COURSENO,SCORE) VALUES('S0005'     ,'期中','C005'  ,    48 );
INSERT INTO SCOTT.T_SCORE(STUNO,TYPE,COURSENO,SCORE) VALUES('S0005'     ,'期中','C006'  ,    62 );
INSERT INTO SCOTT.T_SCORE(STUNO,TYPE,COURSENO,SCORE) VALUES('S0005'     ,'期中','C007'  ,    63 );
INSERT INTO SCOTT.T_SCORE(STUNO,TYPE,COURSENO,SCORE) VALUES('S0005'     ,'期中','C008'  ,    41 );
INSERT INTO SCOTT.T_SCORE(STUNO,TYPE,COURSENO,SCORE) VALUES('S0005'     ,'期中','C009'  ,    81 );
INSERT INTO SCOTT.T_SCORE(STUNO,TYPE,COURSENO,SCORE) VALUES('S0005'     ,'期中','C010'  ,    62 );
INSERT INTO SCOTT.T_SCORE(STUNO,TYPE,COURSENO,SCORE) VALUES('S0005'     ,'期末','C001'  ,    87 );
INSERT INTO SCOTT.T_SCORE(STUNO,TYPE,COURSENO,SCORE) VALUES('S0005'     ,'期末','C002'  ,    79 );
INSERT INTO SCOTT.T_SCORE(STUNO,TYPE,COURSENO,SCORE) VALUES('S0005'     ,'期末','C003'  ,    62 );
INSERT INTO SCOTT.T_SCORE(STUNO,TYPE,COURSENO,SCORE) VALUES('S0005'     ,'期末','C004'  ,    44 );
INSERT INTO SCOTT.T_SCORE(STUNO,TYPE,COURSENO,SCORE) VALUES('S0005'     ,'期末','C005'  ,    84 );
INSERT INTO SCOTT.T_SCORE(STUNO,TYPE,COURSENO,SCORE) VALUES('S0005'     ,'期末','C006'  ,    96 );
INSERT INTO SCOTT.T_SCORE(STUNO,TYPE,COURSENO,SCORE) VALUES('S0005'     ,'期末','C007'  ,    51 );
INSERT INTO SCOTT.T_SCORE(STUNO,TYPE,COURSENO,SCORE) VALUES('S0005'     ,'期末','C008'  ,    78 );
INSERT INTO SCOTT.T_SCORE(STUNO,TYPE,COURSENO,SCORE) VALUES('S0005'     ,'期末','C009'  ,    68 );
INSERT INTO SCOTT.T_SCORE(STUNO,TYPE,COURSENO,SCORE) VALUES('S0005'     ,'期末','C010'  ,    63 );
INSERT INTO SCOTT.T_SCORE(STUNO,TYPE,COURSENO,SCORE) VALUES('S0006'     ,'期中','C001'  ,    74 );
INSERT INTO SCOTT.T_SCORE(STUNO,TYPE,COURSENO,SCORE) VALUES('S0006'     ,'期中','C002'  ,    89 );
INSERT INTO SCOTT.T_SCORE(STUNO,TYPE,COURSENO,SCORE) VALUES('S0006'     ,'期中','C003'  ,    59 );
INSERT INTO SCOTT.T_SCORE(STUNO,TYPE,COURSENO,SCORE) VALUES('S0006'     ,'期中','C004'  ,    85 );
INSERT INTO SCOTT.T_SCORE(STUNO,TYPE,COURSENO,SCORE) VALUES('S0006'     ,'期中','C005'  ,    63 );
INSERT INTO SCOTT.T_SCORE(STUNO,TYPE,COURSENO,SCORE) VALUES('S0006'     ,'期中','C006'  ,    69 );
INSERT INTO SCOTT.T_SCORE(STUNO,TYPE,COURSENO,SCORE) VALUES('S0006'     ,'期中','C007'  ,    69 );
INSERT INTO SCOTT.T_SCORE(STUNO,TYPE,COURSENO,SCORE) VALUES('S0006'     ,'期中','C008'  ,    43 );
INSERT INTO SCOTT.T_SCORE(STUNO,TYPE,COURSENO,SCORE) VALUES('S0006'     ,'期中','C009'  ,    80 );
INSERT INTO SCOTT.T_SCORE(STUNO,TYPE,COURSENO,SCORE) VALUES('S0006'     ,'期中','C010'  ,    85 );
INSERT INTO SCOTT.T_SCORE(STUNO,TYPE,COURSENO,SCORE) VALUES('S0006'     ,'期末','C001'  ,    46 );
INSERT INTO SCOTT.T_SCORE(STUNO,TYPE,COURSENO,SCORE) VALUES('S0006'     ,'期末','C002'  ,    83 );
INSERT INTO SCOTT.T_SCORE(STUNO,TYPE,COURSENO,SCORE) VALUES('S0006'     ,'期末','C003'  ,    59 );
INSERT INTO SCOTT.T_SCORE(STUNO,TYPE,COURSENO,SCORE) VALUES('S0006'     ,'期末','C004'  ,    74 );
INSERT INTO SCOTT.T_SCORE(STUNO,TYPE,COURSENO,SCORE) VALUES('S0006'     ,'期末','C005'  ,    67 );
INSERT INTO SCOTT.T_SCORE(STUNO,TYPE,COURSENO,SCORE) VALUES('S0006'     ,'期末','C006'  ,    40 );
INSERT INTO SCOTT.T_SCORE(STUNO,TYPE,COURSENO,SCORE) VALUES('S0006'     ,'期末','C007'  ,    73 );
INSERT INTO SCOTT.T_SCORE(STUNO,TYPE,COURSENO,SCORE) VALUES('S0006'     ,'期末','C008'  ,    78 );
INSERT INTO SCOTT.T_SCORE(STUNO,TYPE,COURSENO,SCORE) VALUES('S0006'     ,'期末','C009'  ,    94 );
INSERT INTO SCOTT.T_SCORE(STUNO,TYPE,COURSENO,SCORE) VALUES('S0006'     ,'期末','C010'  ,    8  );
INSERT INTO SCOTT.T_SCORE(STUNO,TYPE,COURSENO,SCORE) VALUES('S0007'     ,'期中','C001'  ,    57 );
INSERT INTO SCOTT.T_SCORE(STUNO,TYPE,COURSENO,SCORE) VALUES('S0007'     ,'期中','C002'  ,    73 );
INSERT INTO SCOTT.T_SCORE(STUNO,TYPE,COURSENO,SCORE) VALUES('S0007'     ,'期中','C003'  ,    89 );
INSERT INTO SCOTT.T_SCORE(STUNO,TYPE,COURSENO,SCORE) VALUES('S0007'     ,'期中','C004'  ,    77 );
INSERT INTO SCOTT.T_SCORE(STUNO,TYPE,COURSENO,SCORE) VALUES('S0007'     ,'期中','C005'  ,    84 );
INSERT INTO SCOTT.T_SCORE(STUNO,TYPE,COURSENO,SCORE) VALUES('S0007'     ,'期中','C006'  ,    54 );
INSERT INTO SCOTT.T_SCORE(STUNO,TYPE,COURSENO,SCORE) VALUES('S0007'     ,'期中','C007'  ,    40 );
INSERT INTO SCOTT.T_SCORE(STUNO,TYPE,COURSENO,SCORE) VALUES('S0007'     ,'期中','C008'  ,    73 );
INSERT INTO SCOTT.T_SCORE(STUNO,TYPE,COURSENO,SCORE) VALUES('S0007'     ,'期中','C009'  ,    60 );
INSERT INTO SCOTT.T_SCORE(STUNO,TYPE,COURSENO,SCORE) VALUES('S0007'     ,'期中','C010'  ,    82 );
INSERT INTO SCOTT.T_SCORE(STUNO,TYPE,COURSENO,SCORE) VALUES('S0007'     ,'期末','C001'  ,    70 );
INSERT INTO SCOTT.T_SCORE(STUNO,TYPE,COURSENO,SCORE) VALUES('S0007'     ,'期末','C002'  ,    70 );
INSERT INTO SCOTT.T_SCORE(STUNO,TYPE,COURSENO,SCORE) VALUES('S0007'     ,'期末','C003'  ,    78 );
INSERT INTO SCOTT.T_SCORE(STUNO,TYPE,COURSENO,SCORE) VALUES('S0007'     ,'期末','C004'  ,    52 );
INSERT INTO SCOTT.T_SCORE(STUNO,TYPE,COURSENO,SCORE) VALUES('S0007'     ,'期末','C005'  ,    62 );
INSERT INTO SCOTT.T_SCORE(STUNO,TYPE,COURSENO,SCORE) VALUES('S0007'     ,'期末','C006'  ,    40 );
INSERT INTO SCOTT.T_SCORE(STUNO,TYPE,COURSENO,SCORE) VALUES('S0007'     ,'期末','C007'  ,    77 );
INSERT INTO SCOTT.T_SCORE(STUNO,TYPE,COURSENO,SCORE) VALUES('S0007'     ,'期末','C008'  ,    69 );
INSERT INTO SCOTT.T_SCORE(STUNO,TYPE,COURSENO,SCORE) VALUES('S0007'     ,'期末','C009'  ,    42 );
INSERT INTO SCOTT.T_SCORE(STUNO,TYPE,COURSENO,SCORE) VALUES('S0007'     ,'期末','C010'  ,    64 );
INSERT INTO SCOTT.T_SCORE(STUNO,TYPE,COURSENO,SCORE) VALUES('S0008'     ,'期中','C001'  ,    68 );
INSERT INTO SCOTT.T_SCORE(STUNO,TYPE,COURSENO,SCORE) VALUES('S0008'     ,'期中','C002'  ,    71 );
INSERT INTO SCOTT.T_SCORE(STUNO,TYPE,COURSENO,SCORE) VALUES('S0008'     ,'期中','C003'  ,    64 );
INSERT INTO SCOTT.T_SCORE(STUNO,TYPE,COURSENO,SCORE) VALUES('S0008'     ,'期中','C004'  ,    88 );
INSERT INTO SCOTT.T_SCORE(STUNO,TYPE,COURSENO,SCORE) VALUES('S0008'     ,'期中','C005'  ,    83 );
INSERT INTO SCOTT.T_SCORE(STUNO,TYPE,COURSENO,SCORE) VALUES('S0008'     ,'期中','C006'  ,    90 );
INSERT INTO SCOTT.T_SCORE(STUNO,TYPE,COURSENO,SCORE) VALUES('S0008'     ,'期中','C007'  ,    65 );
INSERT INTO SCOTT.T_SCORE(STUNO,TYPE,COURSENO,SCORE) VALUES('S0008'     ,'期中','C008'  ,    79 );
INSERT INTO SCOTT.T_SCORE(STUNO,TYPE,COURSENO,SCORE) VALUES('S0008'     ,'期中','C009'  ,    47);
INSERT INTO SCOTT.T_SCORE(STUNO,TYPE,COURSENO,SCORE) VALUES('S0008'     ,'期中','C010'  ,    60 );
INSERT INTO SCOTT.T_SCORE(STUNO,TYPE,COURSENO,SCORE) VALUES('S0008'     ,'期末','C001'  ,    54 );
INSERT INTO SCOTT.T_SCORE(STUNO,TYPE,COURSENO,SCORE) VALUES('S0008'     ,'期末','C002'  ,    47 );
INSERT INTO SCOTT.T_SCORE(STUNO,TYPE,COURSENO,SCORE) VALUES('S0008'     ,'期末','C003'  ,    81 );
INSERT INTO SCOTT.T_SCORE(STUNO,TYPE,COURSENO,SCORE) VALUES('S0008'     ,'期末','C004'  ,    88 );
INSERT INTO SCOTT.T_SCORE(STUNO,TYPE,COURSENO,SCORE) VALUES('S0008'     ,'期末','C005'  ,    87 );
INSERT INTO SCOTT.T_SCORE(STUNO,TYPE,COURSENO,SCORE) VALUES('S0008'     ,'期末','C006'  ,    86 );
INSERT INTO SCOTT.T_SCORE(STUNO,TYPE,COURSENO,SCORE) VALUES('S0008'     ,'期末','C007'  ,    89 );
INSERT INTO SCOTT.T_SCORE(STUNO,TYPE,COURSENO,SCORE) VALUES('S0008'     ,'期末','C008'  ,    79 );
INSERT INTO SCOTT.T_SCORE(STUNO,TYPE,COURSENO,SCORE) VALUES('S0008'     ,'期末','C009'  ,    75 );
INSERT INTO SCOTT.T_SCORE(STUNO,TYPE,COURSENO,SCORE) VALUES('S0008'     ,'期末','C010'  ,    43 );
INSERT INTO SCOTT.T_SCORE(STUNO,TYPE,COURSENO,SCORE) VALUES('S0009'     ,'期中','C001'  ,    47 );
INSERT INTO SCOTT.T_SCORE(STUNO,TYPE,COURSENO,SCORE) VALUES('S0009'     ,'期中','C002'  ,    43 );
INSERT INTO SCOTT.T_SCORE(STUNO,TYPE,COURSENO,SCORE) VALUES('S0009'     ,'期中','C003'  ,    47 );
INSERT INTO SCOTT.T_SCORE(STUNO,TYPE,COURSENO,SCORE) VALUES('S0009'     ,'期中','C004'  ,    90 );
INSERT INTO SCOTT.T_SCORE(STUNO,TYPE,COURSENO,SCORE) VALUES('S0009'     ,'期中','C005'  ,    84 );
INSERT INTO SCOTT.T_SCORE(STUNO,TYPE,COURSENO,SCORE) VALUES('S0009'     ,'期中','C006'  ,    80 );
INSERT INTO SCOTT.T_SCORE(STUNO,TYPE,COURSENO,SCORE) VALUES('S0009'     ,'期中','C007'  ,    46 );
INSERT INTO SCOTT.T_SCORE(STUNO,TYPE,COURSENO,SCORE) VALUES('S0009'     ,'期中','C008'  ,    99 );
INSERT INTO SCOTT.T_SCORE(STUNO,TYPE,COURSENO,SCORE) VALUES('S0009'     ,'期中','C009'  ,    89 );
INSERT INTO SCOTT.T_SCORE(STUNO,TYPE,COURSENO,SCORE) VALUES('S0009'     ,'期中','C010'  ,    44 );
INSERT INTO SCOTT.T_SCORE(STUNO,TYPE,COURSENO,SCORE) VALUES('S0009'     ,'期末','C001'  ,    62 );
INSERT INTO SCOTT.T_SCORE(STUNO,TYPE,COURSENO,SCORE) VALUES('S0009'     ,'期末','C002'  ,    64 );
INSERT INTO SCOTT.T_SCORE(STUNO,TYPE,COURSENO,SCORE) VALUES('S0009'     ,'期末','C003'  ,    44 );
INSERT INTO SCOTT.T_SCORE(STUNO,TYPE,COURSENO,SCORE) VALUES('S0009'     ,'期末','C004'  ,    89 );
INSERT INTO SCOTT.T_SCORE(STUNO,TYPE,COURSENO,SCORE) VALUES('S0009'     ,'期末','C005'  ,    95 );
INSERT INTO SCOTT.T_SCORE(STUNO,TYPE,COURSENO,SCORE) VALUES('S0009'     ,'期末','C006'  ,    64 );
INSERT INTO SCOTT.T_SCORE(STUNO,TYPE,COURSENO,SCORE) VALUES('S0009'     ,'期末','C007'  ,    72 );
INSERT INTO SCOTT.T_SCORE(STUNO,TYPE,COURSENO,SCORE) VALUES('S0009'     ,'期末','C008'  ,    87 );
INSERT INTO SCOTT.T_SCORE(STUNO,TYPE,COURSENO,SCORE) VALUES('S0009'     ,'期末','C009'  ,    41 );
INSERT INTO SCOTT.T_SCORE(STUNO,TYPE,COURSENO,SCORE) VALUES('S0009'     ,'期末','C010'  ,    53 );
INSERT INTO SCOTT.T_SCORE(STUNO,TYPE,COURSENO,SCORE) VALUES('S0010'     ,'期中','C001'  ,    42 );
INSERT INTO SCOTT.T_SCORE(STUNO,TYPE,COURSENO,SCORE) VALUES('S0010'     ,'期中','C002'  ,    79 );
INSERT INTO SCOTT.T_SCORE(STUNO,TYPE,COURSENO,SCORE) VALUES('S0010'     ,'期中','C003'  ,    78 );
INSERT INTO SCOTT.T_SCORE(STUNO,TYPE,COURSENO,SCORE) VALUES('S0010'     ,'期中','C004'  ,    60 );
INSERT INTO SCOTT.T_SCORE(STUNO,TYPE,COURSENO,SCORE) VALUES('S0010'     ,'期中','C005'  ,    67 );
INSERT INTO SCOTT.T_SCORE(STUNO,TYPE,COURSENO,SCORE) VALUES('S0010'     ,'期中','C006'  ,    88 );
INSERT INTO SCOTT.T_SCORE(STUNO,TYPE,COURSENO,SCORE) VALUES('S0010'     ,'期中','C007'  ,    69 );
INSERT INTO SCOTT.T_SCORE(STUNO,TYPE,COURSENO,SCORE) VALUES('S0010'     ,'期中','C008'  ,    64 );
INSERT INTO SCOTT.T_SCORE(STUNO,TYPE,COURSENO,SCORE) VALUES('S0010'     ,'期中','C009'  ,    97 );
INSERT INTO SCOTT.T_SCORE(STUNO,TYPE,COURSENO,SCORE) VALUES('S0010'     ,'期中','C010'  ,    84 );
INSERT INTO SCOTT.T_SCORE(STUNO,TYPE,COURSENO,SCORE) VALUES('S0010'     ,'期末','C001'  ,    98 );
INSERT INTO SCOTT.T_SCORE(STUNO,TYPE,COURSENO,SCORE) VALUES('S0010'     ,'期末','C002'  ,    88 );
INSERT INTO SCOTT.T_SCORE(STUNO,TYPE,COURSENO,SCORE) VALUES('S0010'     ,'期末','C003'  ,    63 );
INSERT INTO SCOTT.T_SCORE(STUNO,TYPE,COURSENO,SCORE) VALUES('S0010'     ,'期末','C004'  ,    89 );
INSERT INTO SCOTT.T_SCORE(STUNO,TYPE,COURSENO,SCORE) VALUES('S0010'     ,'期末','C005'  ,    89 );
INSERT INTO SCOTT.T_SCORE(STUNO,TYPE,COURSENO,SCORE) VALUES('S0010'     ,'期末','C006'  ,    41 );
INSERT INTO SCOTT.T_SCORE(STUNO,TYPE,COURSENO,SCORE) VALUES('S0010'     ,'期末','C007'  ,    74 );
INSERT INTO SCOTT.T_SCORE(STUNO,TYPE,COURSENO,SCORE) VALUES('S0010'     ,'期末','C008'  ,    55 );
INSERT INTO SCOTT.T_SCORE(STUNO,TYPE,COURSENO,SCORE) VALUES('S0010'     ,'期末','C009'  ,    80 );
INSERT INTO SCOTT.T_SCORE(STUNO,TYPE,COURSENO,SCORE) VALUES('S0010'     ,'期末','C010'  ,    94 );
INSERT INTO SCOTT.T_SCORE(STUNO,TYPE,COURSENO,SCORE) VALUES('S0101'     ,'期中','C001'  ,    47 );
INSERT INTO SCOTT.T_SCORE(STUNO,TYPE,COURSENO,SCORE) VALUES('S0101'     ,'期中','C002'  ,    59 );
INSERT INTO SCOTT.T_SCORE(STUNO,TYPE,COURSENO,SCORE) VALUES('S0101'     ,'期中','C003'  ,    75 );
INSERT INTO SCOTT.T_SCORE(STUNO,TYPE,COURSENO,SCORE) VALUES('S0101'     ,'期中','C004'  ,    95 );
INSERT INTO SCOTT.T_SCORE(STUNO,TYPE,COURSENO,SCORE) VALUES('S0101'     ,'期中','C005'  ,    77 );
INSERT INTO SCOTT.T_SCORE(STUNO,TYPE,COURSENO,SCORE) VALUES('S0101'     ,'期中','C006'  ,    59 );
INSERT INTO SCOTT.T_SCORE(STUNO,TYPE,COURSENO,SCORE) VALUES('S0101'     ,'期中','C007'  ,    50 );
INSERT INTO SCOTT.T_SCORE(STUNO,TYPE,COURSENO,SCORE) VALUES('S0101'     ,'期中','C008'  ,    73 );
INSERT INTO SCOTT.T_SCORE(STUNO,TYPE,COURSENO,SCORE) VALUES('S0101'     ,'期中','C009'  ,    70 );
INSERT INTO SCOTT.T_SCORE(STUNO,TYPE,COURSENO,SCORE) VALUES('S0101'     ,'期中','C010'  ,    69 );
INSERT INTO SCOTT.T_SCORE(STUNO,TYPE,COURSENO,SCORE) VALUES('S0101'     ,'期末','C001'  ,    86 );
INSERT INTO SCOTT.T_SCORE(STUNO,TYPE,COURSENO,SCORE) VALUES('S0101'     ,'期末','C002'  ,    67 );
INSERT INTO SCOTT.T_SCORE(STUNO,TYPE,COURSENO,SCORE) VALUES('S0101'     ,'期末','C003'  ,    69 );
INSERT INTO SCOTT.T_SCORE(STUNO,TYPE,COURSENO,SCORE) VALUES('S0101'     ,'期末','C004'  ,    65 );
INSERT INTO SCOTT.T_SCORE(STUNO,TYPE,COURSENO,SCORE) VALUES('S0101'     ,'期末','C005'  ,    73 );
INSERT INTO SCOTT.T_SCORE(STUNO,TYPE,COURSENO,SCORE) VALUES('S0101'     ,'期末','C006'  ,    88 );
INSERT INTO SCOTT.T_SCORE(STUNO,TYPE,COURSENO,SCORE) VALUES('S0101'     ,'期末','C007'  ,    97 );
INSERT INTO SCOTT.T_SCORE(STUNO,TYPE,COURSENO,SCORE) VALUES('S0101'     ,'期末','C008'  ,    59 );
INSERT INTO SCOTT.T_SCORE(STUNO,TYPE,COURSENO,SCORE) VALUES('S0101'     ,'期末','C009'  ,    58 );
INSERT INTO SCOTT.T_SCORE(STUNO,TYPE,COURSENO,SCORE) VALUES('S0101'     ,'期末','C010'  ,    70 );
INSERT INTO SCOTT.T_SCORE(STUNO,TYPE,COURSENO,SCORE) VALUES('S0102'     ,'期中','C001'  ,    80 );
INSERT INTO SCOTT.T_SCORE(STUNO,TYPE,COURSENO,SCORE) VALUES('S0102'     ,'期中','C002'  ,    95 );
INSERT INTO SCOTT.T_SCORE(STUNO,TYPE,COURSENO,SCORE) VALUES('S0102'     ,'期中','C003'  ,    58 );
INSERT INTO SCOTT.T_SCORE(STUNO,TYPE,COURSENO,SCORE) VALUES('S0102'     ,'期中','C004'  ,    45 );
INSERT INTO SCOTT.T_SCORE(STUNO,TYPE,COURSENO,SCORE) VALUES('S0102'     ,'期中','C005'  ,    71 );
INSERT INTO SCOTT.T_SCORE(STUNO,TYPE,COURSENO,SCORE) VALUES('S0102'     ,'期中','C006'  ,    99 );
INSERT INTO SCOTT.T_SCORE(STUNO,TYPE,COURSENO,SCORE) VALUES('S0102'     ,'期中','C007'  ,    85 );
INSERT INTO SCOTT.T_SCORE(STUNO,TYPE,COURSENO,SCORE) VALUES('S0102'     ,'期中','C008'  ,    94 );
INSERT INTO SCOTT.T_SCORE(STUNO,TYPE,COURSENO,SCORE) VALUES('S0102'     ,'期中','C009'  ,    70 );
INSERT INTO SCOTT.T_SCORE(STUNO,TYPE,COURSENO,SCORE) VALUES('S0102'     ,'期中','C010'  ,    73 );
INSERT INTO SCOTT.T_SCORE(STUNO,TYPE,COURSENO,SCORE) VALUES('S0102'     ,'期末','C001'  ,    62 );
INSERT INTO SCOTT.T_SCORE(STUNO,TYPE,COURSENO,SCORE) VALUES('S0102'     ,'期末','C002'  ,    74 );
INSERT INTO SCOTT.T_SCORE(STUNO,TYPE,COURSENO,SCORE) VALUES('S0102'     ,'期末','C003'  ,    87);
INSERT INTO SCOTT.T_SCORE(STUNO,TYPE,COURSENO,SCORE) VALUES('S0102'     ,'期末','C004'  ,    67 );
INSERT INTO SCOTT.T_SCORE(STUNO,TYPE,COURSENO,SCORE) VALUES('S0102'     ,'期末','C005'  ,    69 );
INSERT INTO SCOTT.T_SCORE(STUNO,TYPE,COURSENO,SCORE) VALUES('S0102'     ,'期末','C006'  ,    83 );
INSERT INTO SCOTT.T_SCORE(STUNO,TYPE,COURSENO,SCORE) VALUES('S0102'     ,'期末','C007'  ,    54 );
INSERT INTO SCOTT.T_SCORE(STUNO,TYPE,COURSENO,SCORE) VALUES('S0102'     ,'期末','C008'  ,    41 );
INSERT INTO SCOTT.T_SCORE(STUNO,TYPE,COURSENO,SCORE) VALUES('S0102'     ,'期末','C009'  ,    88 );
INSERT INTO SCOTT.T_SCORE(STUNO,TYPE,COURSENO,SCORE) VALUES('S0102'     ,'期末','C010'  ,    85 );
INSERT INTO SCOTT.T_SCORE(STUNO,TYPE,COURSENO,SCORE) VALUES('S0103'     ,'期中','C001'  ,    65 );
INSERT INTO SCOTT.T_SCORE(STUNO,TYPE,COURSENO,SCORE) VALUES('S0103'     ,'期中','C002'  ,    61 );
INSERT INTO SCOTT.T_SCORE(STUNO,TYPE,COURSENO,SCORE) VALUES('S0103'     ,'期中','C003'  ,    86 );
INSERT INTO SCOTT.T_SCORE(STUNO,TYPE,COURSENO,SCORE) VALUES('S0103'     ,'期中','C004'  ,    64 );
INSERT INTO SCOTT.T_SCORE(STUNO,TYPE,COURSENO,SCORE) VALUES('S0103'     ,'期中','C005'  ,    69 );
INSERT INTO SCOTT.T_SCORE(STUNO,TYPE,COURSENO,SCORE) VALUES('S0103'     ,'期中','C006'  ,    53 );
INSERT INTO SCOTT.T_SCORE(STUNO,TYPE,COURSENO,SCORE) VALUES('S0103'     ,'期中','C007'  ,    78 );
INSERT INTO SCOTT.T_SCORE(STUNO,TYPE,COURSENO,SCORE) VALUES('S0103'     ,'期中','C008'  ,    75 );
INSERT INTO SCOTT.T_SCORE(STUNO,TYPE,COURSENO,SCORE) VALUES('S0103'     ,'期中','C009'  ,    41 );
INSERT INTO SCOTT.T_SCORE(STUNO,TYPE,COURSENO,SCORE) VALUES('S0103'     ,'期中','C010'  ,    43 );
INSERT INTO SCOTT.T_SCORE(STUNO,TYPE,COURSENO,SCORE) VALUES('S0103'     ,'期末','C001'  ,    73 );
INSERT INTO SCOTT.T_SCORE(STUNO,TYPE,COURSENO,SCORE) VALUES('S0103'     ,'期末','C002'  ,    87 );
INSERT INTO SCOTT.T_SCORE(STUNO,TYPE,COURSENO,SCORE) VALUES('S0103'     ,'期末','C003'  ,    71 );
INSERT INTO SCOTT.T_SCORE(STUNO,TYPE,COURSENO,SCORE) VALUES('S0103'     ,'期末','C004'  ,    63 );
INSERT INTO SCOTT.T_SCORE(STUNO,TYPE,COURSENO,SCORE) VALUES('S0103'     ,'期末','C005'  ,    89 );
INSERT INTO SCOTT.T_SCORE(STUNO,TYPE,COURSENO,SCORE) VALUES('S0103'     ,'期末','C006'  ,    83 );
INSERT INTO SCOTT.T_SCORE(STUNO,TYPE,COURSENO,SCORE) VALUES('S0103'     ,'期末','C007'  ,    74 );
INSERT INTO SCOTT.T_SCORE(STUNO,TYPE,COURSENO,SCORE) VALUES('S0103'     ,'期末','C008'  ,    52 );
INSERT INTO SCOTT.T_SCORE(STUNO,TYPE,COURSENO,SCORE) VALUES('S0103'     ,'期末','C009'  ,    78 );
INSERT INTO SCOTT.T_SCORE(STUNO,TYPE,COURSENO,SCORE) VALUES('S0103'     ,'期末','C010'  ,    80 );
INSERT INTO SCOTT.T_SCORE(STUNO,TYPE,COURSENO,SCORE) VALUES('S0104'     ,'期中','C001'  ,    82 );
INSERT INTO SCOTT.T_SCORE(STUNO,TYPE,COURSENO,SCORE) VALUES('S0104'     ,'期中','C002'  ,    44 );
INSERT INTO SCOTT.T_SCORE(STUNO,TYPE,COURSENO,SCORE) VALUES('S0104'     ,'期中','C003'  ,    84 );
INSERT INTO SCOTT.T_SCORE(STUNO,TYPE,COURSENO,SCORE) VALUES('S0104'     ,'期中','C004'  ,    70 );
INSERT INTO SCOTT.T_SCORE(STUNO,TYPE,COURSENO,SCORE) VALUES('S0104'     ,'期中','C005'  ,    73 );
INSERT INTO SCOTT.T_SCORE(STUNO,TYPE,COURSENO,SCORE) VALUES('S0104'     ,'期中','C006'  ,    72 );
INSERT INTO SCOTT.T_SCORE(STUNO,TYPE,COURSENO,SCORE) VALUES('S0104'     ,'期中','C007'  ,    40 );
INSERT INTO SCOTT.T_SCORE(STUNO,TYPE,COURSENO,SCORE) VALUES('S0104'     ,'期中','C008'  ,    68 );
INSERT INTO SCOTT.T_SCORE(STUNO,TYPE,COURSENO,SCORE) VALUES('S0104'     ,'期中','C009'  ,    53 );
INSERT INTO SCOTT.T_SCORE(STUNO,TYPE,COURSENO,SCORE) VALUES('S0104'     ,'期中','C010'  ,    76 );
INSERT INTO SCOTT.T_SCORE(STUNO,TYPE,COURSENO,SCORE) VALUES('S0104'     ,'期末','C001'  ,    64 );
INSERT INTO SCOTT.T_SCORE(STUNO,TYPE,COURSENO,SCORE) VALUES('S0104'     ,'期末','C002'  ,    95 );
INSERT INTO SCOTT.T_SCORE(STUNO,TYPE,COURSENO,SCORE) VALUES('S0104'     ,'期末','C003'  ,    82 );
INSERT INTO SCOTT.T_SCORE(STUNO,TYPE,COURSENO,SCORE) VALUES('S0104'     ,'期末','C004'  ,    75 );
INSERT INTO SCOTT.T_SCORE(STUNO,TYPE,COURSENO,SCORE) VALUES('S0104'     ,'期末','C005'  ,    61 );
INSERT INTO SCOTT.T_SCORE(STUNO,TYPE,COURSENO,SCORE) VALUES('S0104'     ,'期末','C006'  ,    83 );
INSERT INTO SCOTT.T_SCORE(STUNO,TYPE,COURSENO,SCORE) VALUES('S0104'     ,'期末','C007'  ,    83 );
INSERT INTO SCOTT.T_SCORE(STUNO,TYPE,COURSENO,SCORE) VALUES('S0104'     ,'期末','C008'  ,    84 );
INSERT INTO SCOTT.T_SCORE(STUNO,TYPE,COURSENO,SCORE) VALUES('S0104'     ,'期末','C009'  ,    82 );
INSERT INTO SCOTT.T_SCORE(STUNO,TYPE,COURSENO,SCORE) VALUES('S0104'     ,'期末','C010'  ,    69 );
INSERT INTO SCOTT.T_SCORE(STUNO,TYPE,COURSENO,SCORE) VALUES('S0105'     ,'期中','C001'  ,    60 );
INSERT INTO SCOTT.T_SCORE(STUNO,TYPE,COURSENO,SCORE) VALUES('S0105'     ,'期中','C002'  ,    69 );
INSERT INTO SCOTT.T_SCORE(STUNO,TYPE,COURSENO,SCORE) VALUES('S0105'     ,'期中','C003'  ,    40 );
INSERT INTO SCOTT.T_SCORE(STUNO,TYPE,COURSENO,SCORE) VALUES('S0105'     ,'期中','C004'  ,    68 );
INSERT INTO SCOTT.T_SCORE(STUNO,TYPE,COURSENO,SCORE) VALUES('S0105'     ,'期中','C005'  ,    96 );
INSERT INTO SCOTT.T_SCORE(STUNO,TYPE,COURSENO,SCORE) VALUES('S0105'     ,'期中','C006'  ,    47 );
INSERT INTO SCOTT.T_SCORE(STUNO,TYPE,COURSENO,SCORE) VALUES('S0105'     ,'期中','C007'  ,    42  );
INSERT INTO SCOTT.T_SCORE(STUNO,TYPE,COURSENO,SCORE) VALUES('S0105'     ,'期中','C008'  ,    76 );
INSERT INTO SCOTT.T_SCORE(STUNO,TYPE,COURSENO,SCORE) VALUES('S0105'     ,'期中','C009'  ,    72 );
INSERT INTO SCOTT.T_SCORE(STUNO,TYPE,COURSENO,SCORE) VALUES('S0105'     ,'期中','C010'  ,    78 );
INSERT INTO SCOTT.T_SCORE(STUNO,TYPE,COURSENO,SCORE) VALUES('S0105'     ,'期末','C001'  ,    65 );
INSERT INTO SCOTT.T_SCORE(STUNO,TYPE,COURSENO,SCORE) VALUES('S0105'     ,'期末','C002'  ,    68 );
INSERT INTO SCOTT.T_SCORE(STUNO,TYPE,COURSENO,SCORE) VALUES('S0105'     ,'期末','C003'  ,    90 );
INSERT INTO SCOTT.T_SCORE(STUNO,TYPE,COURSENO,SCORE) VALUES('S0105'     ,'期末','C004'  ,    82 );
INSERT INTO SCOTT.T_SCORE(STUNO,TYPE,COURSENO,SCORE) VALUES('S0105'     ,'期末','C005'  ,    80 );
INSERT INTO SCOTT.T_SCORE(STUNO,TYPE,COURSENO,SCORE) VALUES('S0105'     ,'期末','C006'  ,    83 );
INSERT INTO SCOTT.T_SCORE(STUNO,TYPE,COURSENO,SCORE) VALUES('S0105'     ,'期末','C007'  ,    66 );
INSERT INTO SCOTT.T_SCORE(STUNO,TYPE,COURSENO,SCORE) VALUES('S0105'     ,'期末','C008'  ,    79 );
INSERT INTO SCOTT.T_SCORE(STUNO,TYPE,COURSENO,SCORE) VALUES('S0105'     ,'期末','C009'  ,    63 );
INSERT INTO SCOTT.T_SCORE(STUNO,TYPE,COURSENO,SCORE) VALUES('S0105'     ,'期末','C010'  ,    44 );
INSERT INTO SCOTT.T_SCORE(STUNO,TYPE,COURSENO,SCORE) VALUES('S0106'     ,'期中','C001'  ,    62 );
INSERT INTO SCOTT.T_SCORE(STUNO,TYPE,COURSENO,SCORE) VALUES('S0106'     ,'期中','C002'  ,    86 );
INSERT INTO SCOTT.T_SCORE(STUNO,TYPE,COURSENO,SCORE) VALUES('S0106'     ,'期中','C003'  ,    72 );
INSERT INTO SCOTT.T_SCORE(STUNO,TYPE,COURSENO,SCORE) VALUES('S0106'     ,'期中','C004'  ,    75 );
INSERT INTO SCOTT.T_SCORE(STUNO,TYPE,COURSENO,SCORE) VALUES('S0106'     ,'期中','C005'  ,    62 );
INSERT INTO SCOTT.T_SCORE(STUNO,TYPE,COURSENO,SCORE) VALUES('S0106'     ,'期中','C006'  ,    77 );
INSERT INTO SCOTT.T_SCORE(STUNO,TYPE,COURSENO,SCORE) VALUES('S0106'     ,'期中','C007'  ,    99 );
INSERT INTO SCOTT.T_SCORE(STUNO,TYPE,COURSENO,SCORE) VALUES('S0106'     ,'期中','C008'  ,    69 );
INSERT INTO SCOTT.T_SCORE(STUNO,TYPE,COURSENO,SCORE) VALUES('S0106'     ,'期中','C009'  ,    89 );
INSERT INTO SCOTT.T_SCORE(STUNO,TYPE,COURSENO,SCORE) VALUES('S0106'     ,'期中','C010'  ,    73 );
INSERT INTO SCOTT.T_SCORE(STUNO,TYPE,COURSENO,SCORE) VALUES('S0106'     ,'期末','C001'  ,    44 );
INSERT INTO SCOTT.T_SCORE(STUNO,TYPE,COURSENO,SCORE) VALUES('S0106'     ,'期末','C002'  ,    76 );
INSERT INTO SCOTT.T_SCORE(STUNO,TYPE,COURSENO,SCORE) VALUES('S0106'     ,'期末','C003'  ,    52 );
INSERT INTO SCOTT.T_SCORE(STUNO,TYPE,COURSENO,SCORE) VALUES('S0106'     ,'期末','C004'  ,    87 );
INSERT INTO SCOTT.T_SCORE(STUNO,TYPE,COURSENO,SCORE) VALUES('S0106'     ,'期末','C005'  ,    97 );
INSERT INTO SCOTT.T_SCORE(STUNO,TYPE,COURSENO,SCORE) VALUES('S0106'     ,'期末','C006'  ,    64 );
INSERT INTO SCOTT.T_SCORE(STUNO,TYPE,COURSENO,SCORE) VALUES('S0106'     ,'期末','C007'  ,    92 );
INSERT INTO SCOTT.T_SCORE(STUNO,TYPE,COURSENO,SCORE) VALUES('S0106'     ,'期末','C008'  ,    85 );
INSERT INTO SCOTT.T_SCORE(STUNO,TYPE,COURSENO,SCORE) VALUES('S0106'     ,'期末','C009'  ,    81 );
INSERT INTO SCOTT.T_SCORE(STUNO,TYPE,COURSENO,SCORE) VALUES('S0106'     ,'期末','C010'  ,    63 );
INSERT INTO SCOTT.T_SCORE(STUNO,TYPE,COURSENO,SCORE) VALUES('S0107'     ,'期中','C001'  ,    58  );
INSERT INTO SCOTT.T_SCORE(STUNO,TYPE,COURSENO,SCORE) VALUES('S0107'     ,'期中','C002'  ,    41 );
INSERT INTO SCOTT.T_SCORE(STUNO,TYPE,COURSENO,SCORE) VALUES('S0107'     ,'期中','C003'  ,    89 );
INSERT INTO SCOTT.T_SCORE(STUNO,TYPE,COURSENO,SCORE) VALUES('S0107'     ,'期中','C004'  ,    84 );
INSERT INTO SCOTT.T_SCORE(STUNO,TYPE,COURSENO,SCORE) VALUES('S0107'     ,'期中','C005'  ,    51 );
INSERT INTO SCOTT.T_SCORE(STUNO,TYPE,COURSENO,SCORE) VALUES('S0107'     ,'期中','C006'  ,    79 );
INSERT INTO SCOTT.T_SCORE(STUNO,TYPE,COURSENO,SCORE) VALUES('S0107'     ,'期中','C007'  ,    71 );
INSERT INTO SCOTT.T_SCORE(STUNO,TYPE,COURSENO,SCORE) VALUES('S0107'     ,'期中','C008'  ,    70 );
INSERT INTO SCOTT.T_SCORE(STUNO,TYPE,COURSENO,SCORE) VALUES('S0107'     ,'期中','C009'  ,    52 );
INSERT INTO SCOTT.T_SCORE(STUNO,TYPE,COURSENO,SCORE) VALUES('S0107'     ,'期中','C010'  ,    62 );
INSERT INTO SCOTT.T_SCORE(STUNO,TYPE,COURSENO,SCORE) VALUES('S0107'     ,'期末','C001'  ,    90 );
INSERT INTO SCOTT.T_SCORE(STUNO,TYPE,COURSENO,SCORE) VALUES('S0107'     ,'期末','C002'  ,    46 );
INSERT INTO SCOTT.T_SCORE(STUNO,TYPE,COURSENO,SCORE) VALUES('S0107'     ,'期末','C003'  ,    59 );
INSERT INTO SCOTT.T_SCORE(STUNO,TYPE,COURSENO,SCORE) VALUES('S0107'     ,'期末','C004'  ,    55 );
INSERT INTO SCOTT.T_SCORE(STUNO,TYPE,COURSENO,SCORE) VALUES('S0107'     ,'期末','C005'  ,    69 );
INSERT INTO SCOTT.T_SCORE(STUNO,TYPE,COURSENO,SCORE) VALUES('S0107'     ,'期末','C006'  ,    74 );
INSERT INTO SCOTT.T_SCORE(STUNO,TYPE,COURSENO,SCORE) VALUES('S0107'     ,'期末','C007'  ,    61 );
INSERT INTO SCOTT.T_SCORE(STUNO,TYPE,COURSENO,SCORE) VALUES('S0107'     ,'期末','C008'  ,    62 );
INSERT INTO SCOTT.T_SCORE(STUNO,TYPE,COURSENO,SCORE) VALUES('S0107'     ,'期末','C009'  ,    84 );
INSERT INTO SCOTT.T_SCORE(STUNO,TYPE,COURSENO,SCORE) VALUES('S0107'     ,'期末','C010'  ,    61 );
INSERT INTO SCOTT.T_SCORE(STUNO,TYPE,COURSENO,SCORE) VALUES('S0108'     ,'期中','C001'  ,    43 );
INSERT INTO SCOTT.T_SCORE(STUNO,TYPE,COURSENO,SCORE) VALUES('S0108'     ,'期中','C002'  ,    97 );
INSERT INTO SCOTT.T_SCORE(STUNO,TYPE,COURSENO,SCORE) VALUES('S0108'     ,'期中','C003'  ,    82 );
INSERT INTO SCOTT.T_SCORE(STUNO,TYPE,COURSENO,SCORE) VALUES('S0108'     ,'期中','C004'  ,    79 );
INSERT INTO SCOTT.T_SCORE(STUNO,TYPE,COURSENO,SCORE) VALUES('S0108'     ,'期中','C005'  ,    88 );
INSERT INTO SCOTT.T_SCORE(STUNO,TYPE,COURSENO,SCORE) VALUES('S0108'     ,'期中','C006'  ,    82 );
INSERT INTO SCOTT.T_SCORE(STUNO,TYPE,COURSENO,SCORE) VALUES('S0108'     ,'期中','C007'  ,    72 );
INSERT INTO SCOTT.T_SCORE(STUNO,TYPE,COURSENO,SCORE) VALUES('S0108'     ,'期中','C008'  ,    73 );
INSERT INTO SCOTT.T_SCORE(STUNO,TYPE,COURSENO,SCORE) VALUES('S0108'     ,'期中','C009'  ,    88 );
INSERT INTO SCOTT.T_SCORE(STUNO,TYPE,COURSENO,SCORE) VALUES('S0108'     ,'期中','C010'  ,    83 );
INSERT INTO SCOTT.T_SCORE(STUNO,TYPE,COURSENO,SCORE) VALUES('S0108'     ,'期末','C001'  ,    50 );
INSERT INTO SCOTT.T_SCORE(STUNO,TYPE,COURSENO,SCORE) VALUES('S0108'     ,'期末','C002'  ,    62 );
INSERT INTO SCOTT.T_SCORE(STUNO,TYPE,COURSENO,SCORE) VALUES('S0108'     ,'期末','C003'  ,    74 );
INSERT INTO SCOTT.T_SCORE(STUNO,TYPE,COURSENO,SCORE) VALUES('S0108'     ,'期末','C004'  ,    52 );
INSERT INTO SCOTT.T_SCORE(STUNO,TYPE,COURSENO,SCORE) VALUES('S0108'     ,'期末','C005'  ,    92 );
INSERT INTO SCOTT.T_SCORE(STUNO,TYPE,COURSENO,SCORE) VALUES('S0108'     ,'期末','C006'  ,    87 );
INSERT INTO SCOTT.T_SCORE(STUNO,TYPE,COURSENO,SCORE) VALUES('S0108'     ,'期末','C007'  ,    74 );
INSERT INTO SCOTT.T_SCORE(STUNO,TYPE,COURSENO,SCORE) VALUES('S0108'     ,'期末','C008'  ,    94 );
INSERT INTO SCOTT.T_SCORE(STUNO,TYPE,COURSENO,SCORE) VALUES('S0108'     ,'期末','C009'  ,    89 );
INSERT INTO SCOTT.T_SCORE(STUNO,TYPE,COURSENO,SCORE) VALUES('S0108'     ,'期末','C010'  ,    55 );
INSERT INTO SCOTT.T_SCORE(STUNO,TYPE,COURSENO,SCORE) VALUES('S0109'     ,'期中','C001'  ,    87 );
INSERT INTO SCOTT.T_SCORE(STUNO,TYPE,COURSENO,SCORE) VALUES('S0109'     ,'期中','C002'  ,    63 );
INSERT INTO SCOTT.T_SCORE(STUNO,TYPE,COURSENO,SCORE) VALUES('S0109'     ,'期中','C003'  ,    65 );
INSERT INTO SCOTT.T_SCORE(STUNO,TYPE,COURSENO,SCORE) VALUES('S0109'     ,'期中','C004'  ,    98 );
INSERT INTO SCOTT.T_SCORE(STUNO,TYPE,COURSENO,SCORE) VALUES('S0109'     ,'期中','C005'  ,    70 );
INSERT INTO SCOTT.T_SCORE(STUNO,TYPE,COURSENO,SCORE) VALUES('S0109'     ,'期中','C006'  ,    83 );
INSERT INTO SCOTT.T_SCORE(STUNO,TYPE,COURSENO,SCORE) VALUES('S0109'     ,'期中','C007'  ,    69 );
INSERT INTO SCOTT.T_SCORE(STUNO,TYPE,COURSENO,SCORE) VALUES('S0109'     ,'期中','C008'  ,    70 );
INSERT INTO SCOTT.T_SCORE(STUNO,TYPE,COURSENO,SCORE) VALUES('S0109'     ,'期中','C009'  ,    64 );
INSERT INTO SCOTT.T_SCORE(STUNO,TYPE,COURSENO,SCORE) VALUES('S0109'     ,'期中','C010'  ,    69 );
INSERT INTO SCOTT.T_SCORE(STUNO,TYPE,COURSENO,SCORE) VALUES('S0109'     ,'期末','C001'  ,    93 );
INSERT INTO SCOTT.T_SCORE(STUNO,TYPE,COURSENO,SCORE) VALUES('S0109'     ,'期末','C002'  ,    44 );
INSERT INTO SCOTT.T_SCORE(STUNO,TYPE,COURSENO,SCORE) VALUES('S0109'     ,'期末','C003'  ,    91 );
INSERT INTO SCOTT.T_SCORE(STUNO,TYPE,COURSENO,SCORE) VALUES('S0109'     ,'期末','C004'  ,    40 );
INSERT INTO SCOTT.T_SCORE(STUNO,TYPE,COURSENO,SCORE) VALUES('S0109'     ,'期末','C005'  ,    86 );
INSERT INTO SCOTT.T_SCORE(STUNO,TYPE,COURSENO,SCORE) VALUES('S0109'     ,'期末','C006'  ,    80 );
INSERT INTO SCOTT.T_SCORE(STUNO,TYPE,COURSENO,SCORE) VALUES('S0109'     ,'期末','C007'  ,    87 );
INSERT INTO SCOTT.T_SCORE(STUNO,TYPE,COURSENO,SCORE) VALUES('S0109'     ,'期末','C008'  ,    56 );
INSERT INTO SCOTT.T_SCORE(STUNO,TYPE,COURSENO,SCORE) VALUES('S0109'     ,'期末','C009'  ,    98 );
INSERT INTO SCOTT.T_SCORE(STUNO,TYPE,COURSENO,SCORE) VALUES('S0109'     ,'期末','C010'  ,    65 );
INSERT INTO SCOTT.T_SCORE(STUNO,TYPE,COURSENO,SCORE) VALUES('S0110'     ,'期中','C001'  ,    61 );
INSERT INTO SCOTT.T_SCORE(STUNO,TYPE,COURSENO,SCORE) VALUES('S0110'     ,'期中','C002'  ,    57 );
INSERT INTO SCOTT.T_SCORE(STUNO,TYPE,COURSENO,SCORE) VALUES('S0110'     ,'期中','C003'  ,    77 );
INSERT INTO SCOTT.T_SCORE(STUNO,TYPE,COURSENO,SCORE) VALUES('S0110'     ,'期中','C004'  ,    48 );
INSERT INTO SCOTT.T_SCORE(STUNO,TYPE,COURSENO,SCORE) VALUES('S0110'     ,'期中','C005'  ,    41 );
INSERT INTO SCOTT.T_SCORE(STUNO,TYPE,COURSENO,SCORE) VALUES('S0110'     ,'期中','C006'  ,    70 );
INSERT INTO SCOTT.T_SCORE(STUNO,TYPE,COURSENO,SCORE) VALUES('S0110'     ,'期中','C007'  ,    51 );
INSERT INTO SCOTT.T_SCORE(STUNO,TYPE,COURSENO,SCORE) VALUES('S0110'     ,'期中','C008'  ,    72 );
INSERT INTO SCOTT.T_SCORE(STUNO,TYPE,COURSENO,SCORE) VALUES('S0110'     ,'期中','C009'  ,    68 );
INSERT INTO SCOTT.T_SCORE(STUNO,TYPE,COURSENO,SCORE) VALUES('S0110'     ,'期中','C010'  ,    63 );
INSERT INTO SCOTT.T_SCORE(STUNO,TYPE,COURSENO,SCORE) VALUES('S0110'     ,'期末','C001'  ,    43 );
INSERT INTO SCOTT.T_SCORE(STUNO,TYPE,COURSENO,SCORE) VALUES('S0110'     ,'期末','C002'  ,    47 );
INSERT INTO SCOTT.T_SCORE(STUNO,TYPE,COURSENO,SCORE) VALUES('S0110'     ,'期末','C003'  ,    40 );
INSERT INTO SCOTT.T_SCORE(STUNO,TYPE,COURSENO,SCORE) VALUES('S0110'     ,'期末','C004'  ,    59 );
INSERT INTO SCOTT.T_SCORE(STUNO,TYPE,COURSENO,SCORE) VALUES('S0110'     ,'期末','C005'  ,    63 );
INSERT INTO SCOTT.T_SCORE(STUNO,TYPE,COURSENO,SCORE) VALUES('S0110'     ,'期末','C006'  ,    67 );
INSERT INTO SCOTT.T_SCORE(STUNO,TYPE,COURSENO,SCORE) VALUES('S0110'     ,'期末','C007'  ,    73 );
INSERT INTO SCOTT.T_SCORE(STUNO,TYPE,COURSENO,SCORE) VALUES('S0110'     ,'期末','C008'  ,    81 );
INSERT INTO SCOTT.T_SCORE(STUNO,TYPE,COURSENO,SCORE) VALUES('S0110'     ,'期末','C009'  ,    77 );
INSERT INTO SCOTT.T_SCORE(STUNO,TYPE,COURSENO,SCORE) VALUES('S0110'     ,'期末','C010'  ,    63 );
INSERT INTO SCOTT.T_SCORE(STUNO,TYPE,COURSENO,SCORE) VALUES('S0201'     ,'期中','C001'  ,    98 );
INSERT INTO SCOTT.T_SCORE(STUNO,TYPE,COURSENO,SCORE) VALUES('S0201'     ,'期中','C002'  ,    71 );
INSERT INTO SCOTT.T_SCORE(STUNO,TYPE,COURSENO,SCORE) VALUES('S0201'     ,'期中','C003'  ,    40 );
INSERT INTO SCOTT.T_SCORE(STUNO,TYPE,COURSENO,SCORE) VALUES('S0201'     ,'期中','C004'  ,    70 );
INSERT INTO SCOTT.T_SCORE(STUNO,TYPE,COURSENO,SCORE) VALUES('S0201'     ,'期中','C005'  ,    42 );
INSERT INTO SCOTT.T_SCORE(STUNO,TYPE,COURSENO,SCORE) VALUES('S0201'     ,'期中','C006'  ,    78 );
INSERT INTO SCOTT.T_SCORE(STUNO,TYPE,COURSENO,SCORE) VALUES('S0201'     ,'期中','C007'  ,    69 );
INSERT INTO SCOTT.T_SCORE(STUNO,TYPE,COURSENO,SCORE) VALUES('S0201'     ,'期中','C008'  ,    75 );
INSERT INTO SCOTT.T_SCORE(STUNO,TYPE,COURSENO,SCORE) VALUES('S0201'     ,'期中','C009'  ,    86 );
INSERT INTO SCOTT.T_SCORE(STUNO,TYPE,COURSENO,SCORE) VALUES('S0201'     ,'期中','C010'  ,    71 );
INSERT INTO SCOTT.T_SCORE(STUNO,TYPE,COURSENO,SCORE) VALUES('S0201'     ,'期末','C001'  ,    67  );
INSERT INTO SCOTT.T_SCORE(STUNO,TYPE,COURSENO,SCORE) VALUES('S0201'     ,'期末','C002'  ,    78 );
INSERT INTO SCOTT.T_SCORE(STUNO,TYPE,COURSENO,SCORE) VALUES('S0201'     ,'期末','C003'  ,    83 );
INSERT INTO SCOTT.T_SCORE(STUNO,TYPE,COURSENO,SCORE) VALUES('S0201'     ,'期末','C004'  ,    49 );
INSERT INTO SCOTT.T_SCORE(STUNO,TYPE,COURSENO,SCORE) VALUES('S0201'     ,'期末','C005'  ,    47 );
INSERT INTO SCOTT.T_SCORE(STUNO,TYPE,COURSENO,SCORE) VALUES('S0201'     ,'期末','C006'  ,    85 );
INSERT INTO SCOTT.T_SCORE(STUNO,TYPE,COURSENO,SCORE) VALUES('S0201'     ,'期末','C007'  ,    97 );
INSERT INTO SCOTT.T_SCORE(STUNO,TYPE,COURSENO,SCORE) VALUES('S0201'     ,'期末','C008'  ,    60 );
INSERT INTO SCOTT.T_SCORE(STUNO,TYPE,COURSENO,SCORE) VALUES('S0201'     ,'期末','C009'  ,    66 );
INSERT INTO SCOTT.T_SCORE(STUNO,TYPE,COURSENO,SCORE) VALUES('S0201'     ,'期末','C010'  ,    87 );
INSERT INTO SCOTT.T_SCORE(STUNO,TYPE,COURSENO,SCORE) VALUES('S0202'     ,'期中','C001'  ,    72 );
INSERT INTO SCOTT.T_SCORE(STUNO,TYPE,COURSENO,SCORE) VALUES('S0202'     ,'期中','C002'  ,    78 );
INSERT INTO SCOTT.T_SCORE(STUNO,TYPE,COURSENO,SCORE) VALUES('S0202'     ,'期中','C003'  ,    83 );
INSERT INTO SCOTT.T_SCORE(STUNO,TYPE,COURSENO,SCORE) VALUES('S0202'     ,'期中','C004'  ,    57 );
INSERT INTO SCOTT.T_SCORE(STUNO,TYPE,COURSENO,SCORE) VALUES('S0202'     ,'期中','C005'  ,    73 );
INSERT INTO SCOTT.T_SCORE(STUNO,TYPE,COURSENO,SCORE) VALUES('S0202'     ,'期中','C006'  ,    69 );
INSERT INTO SCOTT.T_SCORE(STUNO,TYPE,COURSENO,SCORE) VALUES('S0202'     ,'期中','C007'  ,    68 );
INSERT INTO SCOTT.T_SCORE(STUNO,TYPE,COURSENO,SCORE) VALUES('S0202'     ,'期中','C008'  ,    85 );
INSERT INTO SCOTT.T_SCORE(STUNO,TYPE,COURSENO,SCORE) VALUES('S0202'     ,'期中','C009'  ,    81 );
INSERT INTO SCOTT.T_SCORE(STUNO,TYPE,COURSENO,SCORE) VALUES('S0202'     ,'期中','C010'  ,    86 );
INSERT INTO SCOTT.T_SCORE(STUNO,TYPE,COURSENO,SCORE) VALUES('S0202'     ,'期末','C001'  ,    87 );
INSERT INTO SCOTT.T_SCORE(STUNO,TYPE,COURSENO,SCORE) VALUES('S0202'     ,'期末','C002'  ,    84 );
INSERT INTO SCOTT.T_SCORE(STUNO,TYPE,COURSENO,SCORE) VALUES('S0202'     ,'期末','C003'  ,    84 );
INSERT INTO SCOTT.T_SCORE(STUNO,TYPE,COURSENO,SCORE) VALUES('S0202'     ,'期末','C004'  ,    74 );
INSERT INTO SCOTT.T_SCORE(STUNO,TYPE,COURSENO,SCORE) VALUES('S0202'     ,'期末','C005'  ,    64 );
INSERT INTO SCOTT.T_SCORE(STUNO,TYPE,COURSENO,SCORE) VALUES('S0202'     ,'期末','C006'  ,    76 );
INSERT INTO SCOTT.T_SCORE(STUNO,TYPE,COURSENO,SCORE) VALUES('S0202'     ,'期末','C007'  ,    69 );
INSERT INTO SCOTT.T_SCORE(STUNO,TYPE,COURSENO,SCORE) VALUES('S0202'     ,'期末','C008'  ,    61 );
INSERT INTO SCOTT.T_SCORE(STUNO,TYPE,COURSENO,SCORE) VALUES('S0202'     ,'期末','C009'  ,    79 );
INSERT INTO SCOTT.T_SCORE(STUNO,TYPE,COURSENO,SCORE) VALUES('S0202'     ,'期末','C010'  ,    68 );
INSERT INTO SCOTT.T_SCORE(STUNO,TYPE,COURSENO,SCORE) VALUES('S0203'     ,'期中','C001'  ,    83 );
INSERT INTO SCOTT.T_SCORE(STUNO,TYPE,COURSENO,SCORE) VALUES('S0203'     ,'期中','C002'  ,    88 );
INSERT INTO SCOTT.T_SCORE(STUNO,TYPE,COURSENO,SCORE) VALUES('S0203'     ,'期中','C003'  ,    69 );
INSERT INTO SCOTT.T_SCORE(STUNO,TYPE,COURSENO,SCORE) VALUES('S0203'     ,'期中','C004'  ,    72 );
INSERT INTO SCOTT.T_SCORE(STUNO,TYPE,COURSENO,SCORE) VALUES('S0203'     ,'期中','C005'  ,    86 );
INSERT INTO SCOTT.T_SCORE(STUNO,TYPE,COURSENO,SCORE) VALUES('S0203'     ,'期中','C006'  ,    90 );
INSERT INTO SCOTT.T_SCORE(STUNO,TYPE,COURSENO,SCORE) VALUES('S0203'     ,'期中','C007'  ,    68 );
INSERT INTO SCOTT.T_SCORE(STUNO,TYPE,COURSENO,SCORE) VALUES('S0203'     ,'期中','C008'  ,    74 );
INSERT INTO SCOTT.T_SCORE(STUNO,TYPE,COURSENO,SCORE) VALUES('S0203'     ,'期中','C009'  ,    71 );
INSERT INTO SCOTT.T_SCORE(STUNO,TYPE,COURSENO,SCORE) VALUES('S0203'     ,'期中','C010'  ,    90 );
INSERT INTO SCOTT.T_SCORE(STUNO,TYPE,COURSENO,SCORE) VALUES('S0203'     ,'期末','C001'  ,    62 );
INSERT INTO SCOTT.T_SCORE(STUNO,TYPE,COURSENO,SCORE) VALUES('S0203'     ,'期末','C002'  ,    62 );
INSERT INTO SCOTT.T_SCORE(STUNO,TYPE,COURSENO,SCORE) VALUES('S0203'     ,'期末','C003'  ,    85 );
INSERT INTO SCOTT.T_SCORE(STUNO,TYPE,COURSENO,SCORE) VALUES('S0203'     ,'期末','C004'  ,    97 );
INSERT INTO SCOTT.T_SCORE(STUNO,TYPE,COURSENO,SCORE) VALUES('S0203'     ,'期末','C005'  ,    70 );
INSERT INTO SCOTT.T_SCORE(STUNO,TYPE,COURSENO,SCORE) VALUES('S0203'     ,'期末','C006'  ,    68 );
INSERT INTO SCOTT.T_SCORE(STUNO,TYPE,COURSENO,SCORE) VALUES('S0203'     ,'期末','C007'  ,    64 );
INSERT INTO SCOTT.T_SCORE(STUNO,TYPE,COURSENO,SCORE) VALUES('S0203'     ,'期末','C008'  ,    55 );
INSERT INTO SCOTT.T_SCORE(STUNO,TYPE,COURSENO,SCORE) VALUES('S0203'     ,'期末','C009'  ,    73 );
INSERT INTO SCOTT.T_SCORE(STUNO,TYPE,COURSENO,SCORE) VALUES('S0203'     ,'期末','C010'  ,    85 );
INSERT INTO SCOTT.T_SCORE(STUNO,TYPE,COURSENO,SCORE) VALUES('S0204'     ,'期中','C001'  ,    67 );
INSERT INTO SCOTT.T_SCORE(STUNO,TYPE,COURSENO,SCORE) VALUES('S0204'     ,'期中','C002'  ,    69 );
INSERT INTO SCOTT.T_SCORE(STUNO,TYPE,COURSENO,SCORE) VALUES('S0204'     ,'期中','C003'  ,    86 );
INSERT INTO SCOTT.T_SCORE(STUNO,TYPE,COURSENO,SCORE) VALUES('S0204'     ,'期中','C004'  ,    73 );
INSERT INTO SCOTT.T_SCORE(STUNO,TYPE,COURSENO,SCORE) VALUES('S0204'     ,'期中','C005'  ,    71 );
INSERT INTO SCOTT.T_SCORE(STUNO,TYPE,COURSENO,SCORE) VALUES('S0204'     ,'期中','C006'  ,    45 );
INSERT INTO SCOTT.T_SCORE(STUNO,TYPE,COURSENO,SCORE) VALUES('S0204'     ,'期中','C007'  ,    72 );
INSERT INTO SCOTT.T_SCORE(STUNO,TYPE,COURSENO,SCORE) VALUES('S0204'     ,'期中','C008'  ,    78  );
INSERT INTO SCOTT.T_SCORE(STUNO,TYPE,COURSENO,SCORE) VALUES('S0204'     ,'期中','C009'  ,    87 );
INSERT INTO SCOTT.T_SCORE(STUNO,TYPE,COURSENO,SCORE) VALUES('S0204'     ,'期中','C010'  ,    70 );
INSERT INTO SCOTT.T_SCORE(STUNO,TYPE,COURSENO,SCORE) VALUES('S0204'     ,'期末','C001'  ,    55 );
INSERT INTO SCOTT.T_SCORE(STUNO,TYPE,COURSENO,SCORE) VALUES('S0204'     ,'期末','C002'  ,    65 );
INSERT INTO SCOTT.T_SCORE(STUNO,TYPE,COURSENO,SCORE) VALUES('S0204'     ,'期末','C003'  ,    62 );
INSERT INTO SCOTT.T_SCORE(STUNO,TYPE,COURSENO,SCORE) VALUES('S0204'     ,'期末','C004'  ,    62 );
INSERT INTO SCOTT.T_SCORE(STUNO,TYPE,COURSENO,SCORE) VALUES('S0204'     ,'期末','C005'  ,    82 );
INSERT INTO SCOTT.T_SCORE(STUNO,TYPE,COURSENO,SCORE) VALUES('S0204'     ,'期末','C006'  ,    61 );
INSERT INTO SCOTT.T_SCORE(STUNO,TYPE,COURSENO,SCORE) VALUES('S0204'     ,'期末','C007'  ,    60 );
INSERT INTO SCOTT.T_SCORE(STUNO,TYPE,COURSENO,SCORE) VALUES('S0204'     ,'期末','C008'  ,    76 );
INSERT INTO SCOTT.T_SCORE(STUNO,TYPE,COURSENO,SCORE) VALUES('S0204'     ,'期末','C009'  ,    86 );
INSERT INTO SCOTT.T_SCORE(STUNO,TYPE,COURSENO,SCORE) VALUES('S0204'     ,'期末','C010'  ,    63 );
INSERT INTO SCOTT.T_SCORE(STUNO,TYPE,COURSENO,SCORE) VALUES('S0205'     ,'期中','C001'  ,    70 );
INSERT INTO SCOTT.T_SCORE(STUNO,TYPE,COURSENO,SCORE) VALUES('S0205'     ,'期中','C002'  ,    99 );
INSERT INTO SCOTT.T_SCORE(STUNO,TYPE,COURSENO,SCORE) VALUES('S0205'     ,'期中','C003'  ,    66 );
INSERT INTO SCOTT.T_SCORE(STUNO,TYPE,COURSENO,SCORE) VALUES('S0205'     ,'期中','C004'  ,    58 );
INSERT INTO SCOTT.T_SCORE(STUNO,TYPE,COURSENO,SCORE) VALUES('S0205'     ,'期中','C005'  ,    62 );
INSERT INTO SCOTT.T_SCORE(STUNO,TYPE,COURSENO,SCORE) VALUES('S0205'     ,'期中','C006'  ,    80 );
INSERT INTO SCOTT.T_SCORE(STUNO,TYPE,COURSENO,SCORE) VALUES('S0205'     ,'期中','C007'  ,    78 );
INSERT INTO SCOTT.T_SCORE(STUNO,TYPE,COURSENO,SCORE) VALUES('S0205'     ,'期中','C008'  ,    51 );
INSERT INTO SCOTT.T_SCORE(STUNO,TYPE,COURSENO,SCORE) VALUES('S0205'     ,'期中','C009'  ,    71 );
INSERT INTO SCOTT.T_SCORE(STUNO,TYPE,COURSENO,SCORE) VALUES('S0205'     ,'期中','C010'  ,    96 );
INSERT INTO SCOTT.T_SCORE(STUNO,TYPE,COURSENO,SCORE) VALUES('S0205'     ,'期末','C001'  ,    64 );
INSERT INTO SCOTT.T_SCORE(STUNO,TYPE,COURSENO,SCORE) VALUES('S0205'     ,'期末','C002'  ,    89 );
INSERT INTO SCOTT.T_SCORE(STUNO,TYPE,COURSENO,SCORE) VALUES('S0205'     ,'期末','C003'  ,    85 );
INSERT INTO SCOTT.T_SCORE(STUNO,TYPE,COURSENO,SCORE) VALUES('S0205'     ,'期末','C004'  ,    87 );
INSERT INTO SCOTT.T_SCORE(STUNO,TYPE,COURSENO,SCORE) VALUES('S0205'     ,'期末','C005'  ,    65 );
INSERT INTO SCOTT.T_SCORE(STUNO,TYPE,COURSENO,SCORE) VALUES('S0205'     ,'期末','C006'  ,    84 );
INSERT INTO SCOTT.T_SCORE(STUNO,TYPE,COURSENO,SCORE) VALUES('S0205'     ,'期末','C007'  ,    85 );
INSERT INTO SCOTT.T_SCORE(STUNO,TYPE,COURSENO,SCORE) VALUES('S0205'     ,'期末','C008'  ,    68 );
INSERT INTO SCOTT.T_SCORE(STUNO,TYPE,COURSENO,SCORE) VALUES('S0205'     ,'期末','C009'  ,    64 );
INSERT INTO SCOTT.T_SCORE(STUNO,TYPE,COURSENO,SCORE) VALUES('S0205'     ,'期末','C010'  ,    45 );
INSERT INTO SCOTT.T_SCORE(STUNO,TYPE,COURSENO,SCORE) VALUES('S0206'     ,'期中','C001'  ,    58 );
INSERT INTO SCOTT.T_SCORE(STUNO,TYPE,COURSENO,SCORE) VALUES('S0206'     ,'期中','C002'  ,    66 );
INSERT INTO SCOTT.T_SCORE(STUNO,TYPE,COURSENO,SCORE) VALUES('S0206'     ,'期中','C003'  ,    82 );
INSERT INTO SCOTT.T_SCORE(STUNO,TYPE,COURSENO,SCORE) VALUES('S0206'     ,'期中','C004'  ,    64 );
INSERT INTO SCOTT.T_SCORE(STUNO,TYPE,COURSENO,SCORE) VALUES('S0206'     ,'期中','C005'  ,    70 );
INSERT INTO SCOTT.T_SCORE(STUNO,TYPE,COURSENO,SCORE) VALUES('S0206'     ,'期中','C006'  ,    51 );
INSERT INTO SCOTT.T_SCORE(STUNO,TYPE,COURSENO,SCORE) VALUES('S0206'     ,'期中','C007'  ,    93 );
INSERT INTO SCOTT.T_SCORE(STUNO,TYPE,COURSENO,SCORE) VALUES('S0206'     ,'期中','C008'  ,    96 );
INSERT INTO SCOTT.T_SCORE(STUNO,TYPE,COURSENO,SCORE) VALUES('S0206'     ,'期中','C009'  ,    83 );
INSERT INTO SCOTT.T_SCORE(STUNO,TYPE,COURSENO,SCORE) VALUES('S0206'     ,'期中','C010'  ,    45 );
INSERT INTO SCOTT.T_SCORE(STUNO,TYPE,COURSENO,SCORE) VALUES('S0206'     ,'期末','C001'  ,    68  );
INSERT INTO SCOTT.T_SCORE(STUNO,TYPE,COURSENO,SCORE) VALUES('S0206'     ,'期末','C002'  ,    96 );
INSERT INTO SCOTT.T_SCORE(STUNO,TYPE,COURSENO,SCORE) VALUES('S0206'     ,'期末','C003'  ,    77 );
INSERT INTO SCOTT.T_SCORE(STUNO,TYPE,COURSENO,SCORE) VALUES('S0206'     ,'期末','C004'  ,    73 );
INSERT INTO SCOTT.T_SCORE(STUNO,TYPE,COURSENO,SCORE) VALUES('S0206'     ,'期末','C005'  ,    98 );
INSERT INTO SCOTT.T_SCORE(STUNO,TYPE,COURSENO,SCORE) VALUES('S0206'     ,'期末','C006'  ,    99 );
INSERT INTO SCOTT.T_SCORE(STUNO,TYPE,COURSENO,SCORE) VALUES('S0206'     ,'期末','C007'  ,    97 );
INSERT INTO SCOTT.T_SCORE(STUNO,TYPE,COURSENO,SCORE) VALUES('S0206'     ,'期末','C008'  ,    91 );
INSERT INTO SCOTT.T_SCORE(STUNO,TYPE,COURSENO,SCORE) VALUES('S0206'     ,'期末','C009'  ,    49 );
INSERT INTO SCOTT.T_SCORE(STUNO,TYPE,COURSENO,SCORE) VALUES('S0206'     ,'期末','C010'  ,    66 );
INSERT INTO SCOTT.T_SCORE(STUNO,TYPE,COURSENO,SCORE) VALUES('S0207'     ,'期中','C001'  ,    73 );
INSERT INTO SCOTT.T_SCORE(STUNO,TYPE,COURSENO,SCORE) VALUES('S0207'     ,'期中','C002'  ,    82 );
INSERT INTO SCOTT.T_SCORE(STUNO,TYPE,COURSENO,SCORE) VALUES('S0207'     ,'期中','C003'  ,    76 );
INSERT INTO SCOTT.T_SCORE(STUNO,TYPE,COURSENO,SCORE) VALUES('S0207'     ,'期中','C004'  ,    63 );
INSERT INTO SCOTT.T_SCORE(STUNO,TYPE,COURSENO,SCORE) VALUES('S0207'     ,'期中','C005'  ,    47 );
INSERT INTO SCOTT.T_SCORE(STUNO,TYPE,COURSENO,SCORE) VALUES('S0207'     ,'期中','C006'  ,    95 );
INSERT INTO SCOTT.T_SCORE(STUNO,TYPE,COURSENO,SCORE) VALUES('S0207'     ,'期中','C007'  ,    87);
INSERT INTO SCOTT.T_SCORE(STUNO,TYPE,COURSENO,SCORE) VALUES('S0207'     ,'期中','C008'  ,    55 );
INSERT INTO SCOTT.T_SCORE(STUNO,TYPE,COURSENO,SCORE) VALUES('S0207'     ,'期中','C009'  ,    76 );
INSERT INTO SCOTT.T_SCORE(STUNO,TYPE,COURSENO,SCORE) VALUES('S0207'     ,'期中','C010'  ,    48 );
INSERT INTO SCOTT.T_SCORE(STUNO,TYPE,COURSENO,SCORE) VALUES('S0207'     ,'期末','C001'  ,    94 );
INSERT INTO SCOTT.T_SCORE(STUNO,TYPE,COURSENO,SCORE) VALUES('S0207'     ,'期末','C002'  ,    87 );
INSERT INTO SCOTT.T_SCORE(STUNO,TYPE,COURSENO,SCORE) VALUES('S0207'     ,'期末','C003'  ,    73 );
INSERT INTO SCOTT.T_SCORE(STUNO,TYPE,COURSENO,SCORE) VALUES('S0207'     ,'期末','C004'  ,    56 );
INSERT INTO SCOTT.T_SCORE(STUNO,TYPE,COURSENO,SCORE) VALUES('S0207'     ,'期末','C005'  ,    43 );
INSERT INTO SCOTT.T_SCORE(STUNO,TYPE,COURSENO,SCORE) VALUES('S0207'     ,'期末','C006'  ,    51 );
INSERT INTO SCOTT.T_SCORE(STUNO,TYPE,COURSENO,SCORE) VALUES('S0207'     ,'期末','C007'  ,    63 );
INSERT INTO SCOTT.T_SCORE(STUNO,TYPE,COURSENO,SCORE) VALUES('S0207'     ,'期末','C008'  ,    67 );
INSERT INTO SCOTT.T_SCORE(STUNO,TYPE,COURSENO,SCORE) VALUES('S0207'     ,'期末','C009'  ,    89 );
INSERT INTO SCOTT.T_SCORE(STUNO,TYPE,COURSENO,SCORE) VALUES('S0207'     ,'期末','C010'  ,    72 );
INSERT INTO SCOTT.T_SCORE(STUNO,TYPE,COURSENO,SCORE) VALUES('S0208'     ,'期中','C001'  ,    42 );
INSERT INTO SCOTT.T_SCORE(STUNO,TYPE,COURSENO,SCORE) VALUES('S0208'     ,'期中','C002'  ,    69 );
INSERT INTO SCOTT.T_SCORE(STUNO,TYPE,COURSENO,SCORE) VALUES('S0208'     ,'期中','C003'  ,    66 );
INSERT INTO SCOTT.T_SCORE(STUNO,TYPE,COURSENO,SCORE) VALUES('S0208'     ,'期中','C004'  ,    71 );
INSERT INTO SCOTT.T_SCORE(STUNO,TYPE,COURSENO,SCORE) VALUES('S0208'     ,'期中','C005'  ,    76 );
INSERT INTO SCOTT.T_SCORE(STUNO,TYPE,COURSENO,SCORE) VALUES('S0208'     ,'期中','C006'  ,    66 );
INSERT INTO SCOTT.T_SCORE(STUNO,TYPE,COURSENO,SCORE) VALUES('S0208'     ,'期中','C007'  ,    90 );
INSERT INTO SCOTT.T_SCORE(STUNO,TYPE,COURSENO,SCORE) VALUES('S0208'     ,'期中','C008'  ,    73 );
INSERT INTO SCOTT.T_SCORE(STUNO,TYPE,COURSENO,SCORE) VALUES('S0208'     ,'期中','C009'  ,    70 );
INSERT INTO SCOTT.T_SCORE(STUNO,TYPE,COURSENO,SCORE) VALUES('S0208'     ,'期中','C010'  ,    57 );
INSERT INTO SCOTT.T_SCORE(STUNO,TYPE,COURSENO,SCORE) VALUES('S0208'     ,'期末','C001'  ,    62 );
INSERT INTO SCOTT.T_SCORE(STUNO,TYPE,COURSENO,SCORE) VALUES('S0208'     ,'期末','C002'  ,    74 );
INSERT INTO SCOTT.T_SCORE(STUNO,TYPE,COURSENO,SCORE) VALUES('S0208'     ,'期末','C003'  ,    65 );
INSERT INTO SCOTT.T_SCORE(STUNO,TYPE,COURSENO,SCORE) VALUES('S0208'     ,'期末','C004'  ,    90 );
INSERT INTO SCOTT.T_SCORE(STUNO,TYPE,COURSENO,SCORE) VALUES('S0208'     ,'期末','C005'  ,    69 );
INSERT INTO SCOTT.T_SCORE(STUNO,TYPE,COURSENO,SCORE) VALUES('S0208'     ,'期末','C006'  ,    81 );
INSERT INTO SCOTT.T_SCORE(STUNO,TYPE,COURSENO,SCORE) VALUES('S0208'     ,'期末','C007'  ,    70 );
INSERT INTO SCOTT.T_SCORE(STUNO,TYPE,COURSENO,SCORE) VALUES('S0208'     ,'期末','C008'  ,    84 );
INSERT INTO SCOTT.T_SCORE(STUNO,TYPE,COURSENO,SCORE) VALUES('S0208'     ,'期末','C009'  ,    78 );
INSERT INTO SCOTT.T_SCORE(STUNO,TYPE,COURSENO,SCORE) VALUES('S0208'     ,'期末','C010'  ,    94 );
INSERT INTO SCOTT.T_SCORE(STUNO,TYPE,COURSENO,SCORE) VALUES('S0209'     ,'期中','C001'  ,    85 );
INSERT INTO SCOTT.T_SCORE(STUNO,TYPE,COURSENO,SCORE) VALUES('S0209'     ,'期中','C002'  ,    97 );
INSERT INTO SCOTT.T_SCORE(STUNO,TYPE,COURSENO,SCORE) VALUES('S0209'     ,'期中','C003'  ,    53 );
INSERT INTO SCOTT.T_SCORE(STUNO,TYPE,COURSENO,SCORE) VALUES('S0209'     ,'期中','C004'  ,    82 );
INSERT INTO SCOTT.T_SCORE(STUNO,TYPE,COURSENO,SCORE) VALUES('S0209'     ,'期中','C005'  ,    67 );
INSERT INTO SCOTT.T_SCORE(STUNO,TYPE,COURSENO,SCORE) VALUES('S0209'     ,'期中','C006'  ,    56 );
INSERT INTO SCOTT.T_SCORE(STUNO,TYPE,COURSENO,SCORE) VALUES('S0209'     ,'期中','C007'  ,    96 );
INSERT INTO SCOTT.T_SCORE(STUNO,TYPE,COURSENO,SCORE) VALUES('S0209'     ,'期中','C008'  ,    86 );
INSERT INTO SCOTT.T_SCORE(STUNO,TYPE,COURSENO,SCORE) VALUES('S0209'     ,'期中','C009'  ,    72 );
INSERT INTO SCOTT.T_SCORE(STUNO,TYPE,COURSENO,SCORE) VALUES('S0209'     ,'期中','C010'  ,    50 );
INSERT INTO SCOTT.T_SCORE(STUNO,TYPE,COURSENO,SCORE) VALUES('S0209'     ,'期末','C001'  ,    46 );
INSERT INTO SCOTT.T_SCORE(STUNO,TYPE,COURSENO,SCORE) VALUES('S0209'     ,'期末','C002'  ,    83 );
INSERT INTO SCOTT.T_SCORE(STUNO,TYPE,COURSENO,SCORE) VALUES('S0209'     ,'期末','C003'  ,    54 );
INSERT INTO SCOTT.T_SCORE(STUNO,TYPE,COURSENO,SCORE) VALUES('S0209'     ,'期末','C004'  ,    82 );
INSERT INTO SCOTT.T_SCORE(STUNO,TYPE,COURSENO,SCORE) VALUES('S0209'     ,'期末','C005'  ,    65 );
INSERT INTO SCOTT.T_SCORE(STUNO,TYPE,COURSENO,SCORE) VALUES('S0209'     ,'期末','C006'  ,    43 );
INSERT INTO SCOTT.T_SCORE(STUNO,TYPE,COURSENO,SCORE) VALUES('S0209'     ,'期末','C007'  ,    72);
INSERT INTO SCOTT.T_SCORE(STUNO,TYPE,COURSENO,SCORE) VALUES('S0209'     ,'期末','C008'  ,    99 );
INSERT INTO SCOTT.T_SCORE(STUNO,TYPE,COURSENO,SCORE) VALUES('S0209'     ,'期末','C009'  ,    74 );
INSERT INTO SCOTT.T_SCORE(STUNO,TYPE,COURSENO,SCORE) VALUES('S0209'     ,'期末','C010'  ,    86  );
INSERT INTO SCOTT.T_SCORE(STUNO,TYPE,COURSENO,SCORE) VALUES('S0210'     ,'期中','C001'  ,    89 );
INSERT INTO SCOTT.T_SCORE(STUNO,TYPE,COURSENO,SCORE) VALUES('S0210'     ,'期中','C002'  ,    53 );
INSERT INTO SCOTT.T_SCORE(STUNO,TYPE,COURSENO,SCORE) VALUES('S0210'     ,'期中','C003'  ,    62 );
INSERT INTO SCOTT.T_SCORE(STUNO,TYPE,COURSENO,SCORE) VALUES('S0210'     ,'期中','C004'  ,    76 );
INSERT INTO SCOTT.T_SCORE(STUNO,TYPE,COURSENO,SCORE) VALUES('S0210'     ,'期中','C005'  ,    86 );
INSERT INTO SCOTT.T_SCORE(STUNO,TYPE,COURSENO,SCORE) VALUES('S0210'     ,'期中','C006'  ,    62 );
INSERT INTO SCOTT.T_SCORE(STUNO,TYPE,COURSENO,SCORE) VALUES('S0210'     ,'期中','C007'  ,    89 );
INSERT INTO SCOTT.T_SCORE(STUNO,TYPE,COURSENO,SCORE) VALUES('S0210'     ,'期中','C008'  ,    68 );
INSERT INTO SCOTT.T_SCORE(STUNO,TYPE,COURSENO,SCORE) VALUES('S0210'     ,'期中','C009'  ,    84 );
INSERT INTO SCOTT.T_SCORE(STUNO,TYPE,COURSENO,SCORE) VALUES('S0210'     ,'期中','C010'  ,    42 );
INSERT INTO SCOTT.T_SCORE(STUNO,TYPE,COURSENO,SCORE) VALUES('S0210'     ,'期末','C001'  ,    84 );
INSERT INTO SCOTT.T_SCORE(STUNO,TYPE,COURSENO,SCORE) VALUES('S0210'     ,'期末','C002'  ,    69 );
INSERT INTO SCOTT.T_SCORE(STUNO,TYPE,COURSENO,SCORE) VALUES('S0210'     ,'期末','C003'  ,    59 );
INSERT INTO SCOTT.T_SCORE(STUNO,TYPE,COURSENO,SCORE) VALUES('S0210'     ,'期末','C004'  ,    67 );
INSERT INTO SCOTT.T_SCORE(STUNO,TYPE,COURSENO,SCORE) VALUES('S0210'     ,'期末','C005'  ,    43 );
INSERT INTO SCOTT.T_SCORE(STUNO,TYPE,COURSENO,SCORE) VALUES('S0210'     ,'期末','C006'  ,    66 );
INSERT INTO SCOTT.T_SCORE(STUNO,TYPE,COURSENO,SCORE) VALUES('S0210'     ,'期末','C007'  ,    57 );
INSERT INTO SCOTT.T_SCORE(STUNO,TYPE,COURSENO,SCORE) VALUES('S0210'     ,'期末','C008'  ,    44 );
INSERT INTO SCOTT.T_SCORE(STUNO,TYPE,COURSENO,SCORE) VALUES('S0210'     ,'期末','C009'  ,    63 );
INSERT INTO SCOTT.T_SCORE(STUNO,TYPE,COURSENO,SCORE) VALUES('S0210'     ,'期末','C010'  ,    79 );

INSERT INTO SCOTT.T_TEACHER(TEANO,TEATITLE,TEANAME) VALUES('T001','讲师' ,'符传谊'    );
INSERT INTO SCOTT.T_TEACHER(TEANO,TEATITLE,TEANAME) VALUES('T002','教授' ,'梁天'    );
INSERT INTO SCOTT.T_TEACHER(TEANO,TEATITLE,TEANAME) VALUES('T003','副教授' ,'云海'    );
INSERT INTO SCOTT.T_TEACHER(TEANO,TEATITLE,TEANAME) VALUES('T004','教授' ,'范购'     );
INSERT INTO SCOTT.T_TEACHER(TEANO,TEATITLE,TEANAME) VALUES('T005','副教授' ,'方婷'    );
INSERT INTO SCOTT.T_TEACHER(TEANO,TEATITLE,TEANAME) VALUES('T006','讲师' ,'张新'     );
INSERT INTO SCOTT.T_TEACHER(TEANO,TEATITLE,TEANAME) VALUES('T007','讲师' ,'王刚'     );
INSERT INTO SCOTT.T_TEACHER(TEANO,TEATITLE,TEANAME) VALUES('T008','副教授' ,'张红'     );

INSERT INTO SCOTT.T_COURSE(COURSENO,COURSENAME,TEANO) VALUES('C001','高等数学','T001');
INSERT INTO SCOTT.T_COURSE(COURSENO,COURSENAME,TEANO) VALUES('C002','大学物理','T001');
INSERT INTO SCOTT.T_COURSE(COURSENO,COURSENAME,TEANO) VALUES('C003','思想品德','T002');
INSERT INTO SCOTT.T_COURSE(COURSENO,COURSENAME,TEANO) VALUES('C004','vb','T003');
INSERT INTO SCOTT.T_COURSE(COURSENO,COURSENAME,TEANO) VALUES('C005','C++' ,'T004');
INSERT INTO SCOTT.T_COURSE(COURSENO,COURSENAME,TEANO) VALUES('C006','Java','T002');
INSERT INTO SCOTT.T_COURSE(COURSENO,COURSENAME,TEANO) VALUES('C007','电路','T004');
INSERT INTO SCOTT.T_COURSE(COURSENO,COURSENAME,TEANO) VALUES('C008','哲学','T003');
INSERT INTO SCOTT.T_COURSE(COURSENO,COURSENAME,TEANO) VALUES('C009','经济学' ,'T005');
INSERT INTO SCOTT.T_COURSE(COURSENO,COURSENAME,TEANO) VALUES('C010','离散数学','T005');
INSERT INTO SCOTT.T_COURSE(COURSENO,COURSENAME,TEANO) VALUES('C011','大学语文','T006');
INSERT INTO SCOTT.T_COURSE(COURSENO,COURSENAME,TEANO) VALUES('C012','机械制图','T007');
INSERT INTO SCOTT.T_COURSE(COURSENO,COURSENAME,TEANO) VALUES('C013','中国文化','T007');
INSERT INTO SCOTT.T_COURSE(COURSENO,COURSENAME,TEANO) VALUES('C014','电子商务','T003');
INSERT INTO SCOTT.T_COURSE(COURSENO,COURSENAME,TEANO) VALUES('C015','计算机应用','T008');
INSERT INTO SCOTT.T_COURSE(COURSENO,COURSENAME,TEANO) VALUES('C016','编译原理','T005');
INSERT INTO SCOTT.T_COURSE(COURSENO,COURSENAME,TEANO) VALUES('C017','微机原理','T004');
INSERT INTO SCOTT.T_COURSE(COURSENO,COURSENAME,TEANO) VALUES('C018','单片机' ,'T002');
INSERT INTO SCOTT.T_COURSE(COURSENO,COURSENAME,TEANO) VALUES('C019','控制原理','T007');
INSERT INTO SCOTT.T_COURSE(COURSENO,COURSENAME,TEANO) VALUES('C020','过程控制','T006');

COMMIT;

